"鄉鎮市區","土地區段位置或建物區門牌","都市土地使用分區","交易年月日","交易筆棟數","移轉層次","總樓層數","建物型態","主要用途","主要建材","建築完成年月","建物移轉總面積平方公尺","建物現況格局.房","建物現況格局.廳","建物現況格局.衛","建物現況格局.隔間","有無管理組織","總價元","單價每平方公尺","編號"
"中山區","臺北市中山區民族東路181~210號","住",1011129,"土地1建物1車位0","一層，騎樓","三層","公寓(5樓含以下無電梯)",NA,"鋼筋混凝土造",611121,87.75,3,2,1,"有","無",21680000,247066,"RPWNMLPLQHMFFCA78CA"
"大安區","臺北市大安區和平東路三段271~300號","住",1060612,"土地1建物1車位0","七層","七層","華廈(10層含以下有電梯)","住家用","鋼筋混凝土造",730517,170.46,3,1,2,"有","有",24000000,140795,"RPQOMLNLQHMFFFA48DA"
"大安區","臺北市大安區潮州街60巷1~30號","住",1060520,"土地1建物1車位0","七層","七層","華廈(10層含以下有電梯)","住家用","鋼筋混凝土造",980206,53.96,2,1,1,"有","有",16320000,302446,"RPPNMLOKQHMFFFA18CA"
"大安區","臺北市大安區羅斯福路三段283巷19弄1~30號","住",1060604,"土地2建物1車位0","六層","六層","華廈(10層含以下有電梯)","住家用","鋼筋混凝土造",720414,132.16,2,2,2,"有","有",30000000,226998,"RPQNMLOKQHMFFFA28CA"
"萬華區","臺北市萬華區桂林路127巷1~30號","商",1060626,"土地1建物1車位0","全","二層","透天厝",NA,"加強磚造",NA,91.38,2,3,3,"有","無",10650000,116546,"RPSOMLMLQHMFFBA18DA"
"大安區","臺北市大安區和平東路二段151~180號","商",1060610,"土地2建物1車位0","二層","十二層","住宅大樓(11層含以上有電梯)","商業用","鋼筋混凝土造",700903,128.54,3,2,2,"有","有",27800000,216275,"RPROMLSKPHMFFFA78CA"
"大安區","臺北市大安區瑞安街61巷1弄1~30號","住",1060603,"土地2建物1車位0","三層","四層","公寓(5樓含以下無電梯)","住家用","加強磚造",NA,211.09,5,2,3,"有","無",38600000,182860,"RPOOMLOLPHMFFFA18CA"
"大安區","臺北市大安區永康街4巷1~30號","住",1060627,"土地1建物1車位0","六層","十層","華廈(10層含以下有電梯)","住家用","鋼筋混凝土造",960911,50.1,0,0,0,"無","有",16880000,336926,"RPTPMLOLPHMFFFA78CA"
"北投區","臺北市北投區關渡路31~60號","住",1060605,"土地1建物1車位0","十七層","十七層","住宅大樓(11層含以上有電梯)","住家用","鋼筋混凝土造",781208,178.04,3,2,2,"有","有",21000000,117951,"RPPPMLTJQHMFFEA68CA"
"萬華區","臺北市萬華區西藏路91~120號","住",1060701,"土地2建物1車位0","十一層","十五層","住宅大樓(11層含以上有電梯)","住家用","鋼筋混凝土造",1000908,190.14,3,2,2,"有","有",23980000,126118,"RPPNMLRKQHMFFBA18DA"
"中正區","臺北市中正區羅斯福路二段31~60號","其他",1060620,"土地3建物1車位0","八層","十五層","套房(1房1廳1衛)","商業用","鋼筋混凝土造",911125,39.16,1,1,1,"有","有",10100000,257916,"RPUNMLLJQHMFFAA87DA"
"文山區","臺北市文山區景興路153巷1~30號","住",1060608,"土地1建物1車位0","十層","十二層","住宅大樓(11層含以上有電梯)","住家用","鋼筋混凝土造",830317,69.29,2,1,1,"有","有",11400000,164526,"RPVNMLLJQHMFFAA97DA"
"大安區","臺北市大安區通化街39巷61弄1~30號","住",1060620,"土地1建物1車位0","三層","四層","公寓(5樓含以下無電梯)","住家用","鋼筋混凝土造",NA,72.68,3,2,1,"有","無",12000000,165107,"RPSNMLKKQHMFFFA08CA"
"大安區","臺北市大安區仁愛路四段1~30號","其他",1060515,"土地1建物1車位0","五層，陽台","七層","華廈(10層含以下有電梯)","住家用","鋼筋混凝土造",NA,89.61,4,2,2,"有","有",22500000,251088,"RPRNMLQLPHMFFFA58CA"
"大安區","臺北市大安區通化街101巷31~60號","商",1060605,"土地1建物1車位0","二層","五層","公寓(5樓含以下無電梯)","住家用","鋼筋混凝土造",720117,90.35,3,2,2,"有","無",9120000,100941,"RPVPMLSKPHMFFFA76DA"
"北投區","臺北市北投區行義路124巷1~30號","住",1060611,"土地1建物1車位0","一層","七層","華廈(10層含以下有電梯)","住家用","鋼筋混凝土造",710203,111.64,4,2,2,"有","無",7500000,67174,"RPPOMLRKQHMFFEA58DA"
"松山區","臺北市松山區復興南路一段61~90號","商",1060616,"土地1建物1車位0","五層","十二層","套房(1房1廳1衛)","商業用","鋼筋混凝土造",780724,28.7,0,1,1,"有","有",7200000,250871,"RPSNMLMLPHMFFDA18DA"
"北投區","臺北市北投區溫泉路37巷1~30號","住",1060617,"土地2建物1車位0","四層","十三層","套房(1房1廳1衛)","住家用","鋼筋混凝土造",941111,34.65,1,1,1,"有","有",4503000,129957,"RPXNMLKLPHMFFEA58DA"
"北投區","臺北市北投區中和街1~30號","其他",1060628,"土地4建物1車位0","十五層","十七層","套房(1房1廳1衛)","住家用","鋼筋混凝土造",890329,28.84,0,0,0,"無","有",3500000,121359,"RPSNMLOLPHMFFEA48DA"
"信義區","臺北市信義區嘉興街181巷1~30號","住",1060605,"土地1建物1車位0","四層","四層","公寓(5樓含以下無電梯)","住家用","鋼筋混凝土造",570425,81.57,2,2,1,"有","無",14400000,176535,"RPWOMLRKPHMFFDA98CA"
"松山區","臺北市松山區復興南路一段47巷1~30號","住",1060623,"土地1建物1車位0","二層，陽台","四層","公寓(5樓含以下無電梯)","住家用","鋼筋混凝土造",NA,148.84,4,2,2,"有","無",25000000,167966,"RPUNMLSKPHMFFDA78CA"
"信義區","臺北市信義區富陽街72巷1~30號","住",1060621,"土地1建物1車位0","二層","五層","公寓(5樓含以下無電梯)","住家用","鋼筋混凝土造",700921,107.88,3,2,1,"有","無",15600000,144605,"RPQOMLSKPHMFFDA48CA"
"松山區","臺北市松山區南京東路五段211~240號","住",1060602,"土地1建物1車位0","十層","十六層","住宅大樓(11層含以上有電梯)","住家用","鋼筋混凝土造",711110,114.45,2,2,2,"有","有",21580000,188554,"RPTNMLRLPHMFFDA68CA"
"北投區","臺北市北投區行義路140巷1~30號","住",1060521,"土地1建物1車位0","五層","七層","華廈(10層含以下有電梯)","住家用","鋼筋混凝土造",740522,129.51,3,2,2,"有","有",15000000,115821,"RPUNMLSKPHMFFEA88CA"
"北投區","臺北市北投區致遠二路95巷31~60號","住",1060609,"土地1建物1車位0","三層","四層","公寓(5樓含以下無電梯)","住家用","鋼筋混凝土造",610922,83.95,2,2,2,"有","無",11500000,136986,"RPVNMLSKPHMFFEA98CA"
"北投區","臺北市北投區裕民六路114巷1~30號","住",1060614,"土地1建物1車位0","四層","四層","公寓(5樓含以下無電梯)","住家用","鋼筋混凝土造",660512,81.25,2,2,1,"有","無",11068888,136232,"RPUPMLSKPHMFFEA09CA"
"北投區","臺北市北投區致遠一路二段112巷1~30號","住",1060603,"土地1建物1車位0","三層","五層","公寓(5樓含以下無電梯)","住家用","鋼筋混凝土造",660915,106.88,3,2,2,"有","無",15000000,140344,"RPUOMLTKPHMFFEA09CA"
"中山區","臺北市中山區新生北路二段61~90號","商",1060612,"土地1建物1車位0","六層","十二層","套房(1房1廳1衛)","商業用","鋼筋混凝土造",690721,24.6,1,1,1,"有","有",3250000,132114,"RPTOMLLJQHMFFCA97CA"
"中山區","臺北市中山區建國北路三段93巷5弄1~30號","商",1060701,"土地2建物1車位0","三層","五層","公寓(5樓含以下無電梯)","住家用","鋼筋混凝土造",690816,114,3,2,2,"有","無",17500000,153509,"RPUNMLOJQHMFFCA28CA"
"中山區","臺北市中山區中山北路一段91~120號","商",1021101,"土地1建物2車位0","七層","二十三層","住宅大樓(11層含以上有電梯)","住家用","見其他登記事項",1060330,229.35,3,2,2,"有","有",79960000,348622,"RPTOMLLKQHMFFCA08CA"
"中正區","臺北市中正區中華路一段1~30號","商",1060614,"土地1建物1車位0","七層","十五層","住宅大樓(11層含以上有電梯)","住家用","鋼筋混凝土造",1041214,55.7,1,1,1,"有","有",14450000,259425,"RPSNMLSKPHMFFBA38CA"
"文山區","臺北市文山區景興路181~210號","商",1060609,"土地1建物2車位0","十層","二十四層","套房(1房1廳1衛)","商業用","見使用執照",850104,45.32,1,1,1,"有","有",5890000,129965,"RPPOMLTJQHMFFAA18CA"
"萬華區","臺北市萬華區大理街160巷22弄1~30號","其他",1060518,"土地1建物1車位0","三層","五層","公寓(5樓含以下無電梯)","住家用","鋼筋混凝土造",NA,107.98,3,2,1,"有","無",6400000,59270,"RPQNMLTKPHMFFBA28CA"
"大同區","臺北市大同區民生西路301~330號","其他",1060620,"土地6建物1車位0","六層","十一層","住宅大樓(11層含以上有電梯)","商業用","鋼筋混凝土造",660609,55.14,2,2,1,"有","有",8470000,153609,"RPXOMLLLPHMFFBA38CA"
"文山區","臺北市文山區興隆路三段121~150號","住",1060616,"土地1建物1車位0","八層","十層","套房(1房1廳1衛)","住家用","鋼筋混凝土造",970523,38.7,1,1,1,"有","有",7600000,196382,"RPTOMLSKPHMFFAA48CA"
"中正區","臺北市中正區泉州街18巷1~30號","住",1060626,"土地2建物1車位0","二層，陽台","四層","公寓(5樓含以下無電梯)","住家用","鋼筋混凝土造",NA,138.5,4,2,2,"有","無",16500000,119134,"RPQOMLLMPHMFFAA67CA"
"大同區","臺北市大同區民樂街151~180號","其他",1060615,"土地1建物1車位0","一層","四層","公寓(5樓含以下無電梯)","商業用","加強磚造",640731,71.47,2,1,2,"有","無",11000000,153911,"RPXNMLNJQHMFFBA38CA"
"中山區","臺北市中山區敬業三路162巷151~180號","住",1060611,"土地1建物1車位0","一層","十二層","住宅大樓(11層含以上有電梯)","住家用","鋼筋混凝土造",890628,143.08,1,0,2,"有","有",23500000,164244,"RPSPMLRKPHMFFCA58CA"
"內湖區","臺北市內湖區康樂街72巷17弄1~30號","住",1060630,"土地1建物1車位0","一層","五層","公寓(5樓含以下無電梯)","住家用","鋼筋混凝土造",741126,107.59,3,2,2,"有","無",14300000,132912,"RPRPMLSKPHMFFCA58CA"
"中山區","臺北市中山區長春路31~60號","商",1060622,"土地1建物1車位0","七層","十二層","住宅大樓(11層含以上有電梯)","商業用","鋼筋混凝土造",730326,39.88,0,0,0,"無","有",5620000,140923,"RPXQMLSKPHMFFCA66CA"
"中山區","臺北市中山區林森北路85巷31~60號","商",1060627,"土地2建物1車位0","七層","七層","套房(1房1廳1衛)","商業用","鋼筋混凝土造",NA,33.11,1,1,1,"有","有",4100000,123830,"RPRRMLSKPHMFFCA78CA"
"內湖區","臺北市內湖區康寧路三段99巷39弄1~30號","住",1060611,"土地1建物1車位0","六層","六層","華廈(10層含以下有電梯)","住家用","鋼筋混凝土造",840508,135.71,3,2,2,"有","有",19700000,145162,"RPSNMLKLPHMFFCA77CA"
"中山區","臺北市中山區林森北路301~330號","商",1060609,"土地1建物1車位0","十三層","十四層","住宅大樓(11層含以上有電梯)","住家用","鋼筋混凝土造",920213,36.83,1,1,1,"有","有",7400000,200923,"RPPOMLOLPHMFFCA97CA"
"內湖區","臺北市內湖區內湖路三段60巷8弄1~30號","住",1060409,"土地1建物1車位0","五層","五層","公寓(5樓含以下無電梯)","住家用","鋼筋混凝土造",700216,96.36,0,0,0,"無","無",13500000,140100,"RPSOMLKLPHMFFCA87CA"
"中山區","臺北市中山區松江路194巷1~30號","其他",1060621,"土地1建物1車位0","四層","五層","公寓(5樓含以下無電梯)","住家用","鋼筋混凝土造",771212,97.74,3,2,2,"有","無",21600000,220994,"RPPOMLTKPHMFFCA38CA"
"中山區","臺北市中山區農安街1~30號","商",1060629,"土地1建物1車位0","十一層","十四層","套房(1房1廳1衛)","商業用","鋼筋混凝土造",980622,51.82,0,1,1,"有","有",10720000,206870,"RPRNMLTKPHMFFCA48CA"
"萬華區","臺北市萬華區康定路91~120號","商",1060703,"土地1建物1車位0","十三層","二十六層","套房(1房1廳1衛)","住家用","見其他登記事項",1050331,53.67,1,1,1,"有","有",10560000,196721,"RPQNMLRKQHMFFBA18CA"
"萬華區","臺北市萬華區康定路91~120號","商",1060703,"土地1建物1車位0","七層","二十六層","套房(1房1廳1衛)","住家用","見其他登記事項",1050331,53.89,1,1,1,"有","有",10400000,192986,"RPRNMLRKQHMFFBA28CA"
"萬華區","臺北市萬華區康定路91~120號","商",1060703,"土地1建物1車位0","二十二層","二十六層","套房(1房1廳1衛)","住家用","見其他登記事項",1050331,53.67,1,1,1,"有","有",11180000,208271,"RPTNMLRKQHMFFBA48CA"
"萬華區","臺北市萬華區民和街1~30號","住",1060710,"土地1建物1車位0","五層","五層","公寓(5樓含以下無電梯)","住家用","鋼筋混凝土造",741009,93.61,1,1,2,"有","無",14000000,149557,"RPROMLPKQHMFFBA18CA"
"中正區","臺北市中正區博愛路181~210號","住",1060623,"土地0建物1車位0","四層","六層","華廈(10層含以下有電梯)","住家用","鋼筋混凝土造",660921,90.67,3,2,2,"有","有",17000000,187493,"RPVNMLMJQHMFFAA97CA"
"文山區","臺北市文山區興隆路二段241~270號","其他",1060609,"土地1建物1車位0","十一層","十五層","住宅大樓(11層含以上有電梯)","住家用","鋼筋混凝土造",840105,86.45,2,1,1,"有","有",6450000,74610,"RPUNMLLLPHMFFAA87CA"
"文山區","臺北市文山區木柵路四段121~150號","其他",1060530,"土地2建物1車位0","六層","十九層","住宅大樓(11層含以上有電梯)","住家用","鋼筋混凝土造",1000214,89.69,2,1,1,"有","有",16800000,187312,"RPRNMLOLPHMFFAA87CA"
"文山區","臺北市文山區福興路95巷1~30號","住",1060509,"土地1建物1車位0","六層","十層","華廈(10層含以下有電梯)","住家用","鋼筋混凝土造",961121,98.68,2,2,2,"有","無",13500000,136792,"RPSNMLTKPHMFFAA38CA"
"文山區","臺北市文山區辛亥路五段73巷7弄1~30號","住",1060423,"土地3建物1車位0","三層","五層","公寓(5樓含以下無電梯)","住家用","鋼筋混凝土造",721223,65.43,2,1,1,"有","有",8080000,123491,"RPTNMLTKPHMFFAA48CA"
"文山區","臺北市文山區光輝路31~60號","住",1060616,"土地1建物1車位0","一層","四層","公寓(5樓含以下無電梯)","住家用","鋼筋混凝土造",660121,144.03,3,2,2,"有","無",32500000,225647,"RPUNMLTKPHMFFAA58CA"
"萬華區","臺北市萬華區昆明街151~180號","商",1060519,"土地3建物1車位0","二層","七層","華廈(10層含以下有電梯)","住家用","鋼筋混凝土造",610325,101.45,4,2,1,"有","無",13769450,135726,"RPWOMLPLPHMFFBA68CA"
"萬華區","臺北市萬華區西園路一段136巷16弄1~30號","商",1060620,"土地1建物1車位0","四層","五層","公寓(5樓含以下無電梯)","住家用","鋼筋混凝土造",750109,81.34,2,2,1,"有","無",7620000,93681,"RPPNMLTKPHMFFBA18CA"
"萬華區","臺北市萬華區西寧南路271~300號","商",1030520,"土地1建物1車位0","三層","十三層","住宅大樓(11層含以上有電梯)","住家用","鋼筋混凝土造",1060113,60.67,0,0,0,"無","無",13790000,227295,"RPSOMLKLPHMFFBA77CA"
"中山區","臺北市中山區新生北路二段68巷1~30號","商",1060609,"土地1建物1車位0","六層","十二層","住宅大樓(11層含以上有電梯)","住家用","見其他登記事項",1050602,74.94,2,1,1,"有","有",20860000,278356,"RPRNMLLKQHMFFCA77CA"
"中山區","臺北市中山區林森北路271~300號","商",1060628,"土地1建物1車位0","十一層","十二層","套房(1房1廳1衛)","商業用","鋼筋混凝土造",NA,52.57,0,0,0,"無","有",8800000,167396,"RPRQMLNJQHMFFCA18CA"
"中山區","臺北市中山區復興北路151~180號","商",1060620,"土地1建物1車位0","二層","十二層","辦公商業大樓","商業用","鋼筋混凝土造",720323,314.43,0,0,0,"有","有",66000000,209904,"RPPRMLMJQHMFFCA97CA"
"中山區","臺北市中山區中原街151~180號","住",1060616,"土地1建物1車位0","四層","四層","公寓(5樓含以下無電梯)","住家用","加強磚造",NA,75.81,3,2,2,"有","無",9950000,131249,"RPROMLNJQHMFFCA97CA"
"內湖區","臺北市內湖區金龍路13巷1~30號","住",1060616,"土地2建物1車位0","四層","五層","華廈(10層含以下有電梯)","住家用","鋼筋混凝土造",1060509,89,2,1,1,"有","有",18800000,211236,"RPOPMLNJQHMFFCA77CA"
"士林區","臺北市士林區文昌路179巷1~30號","住",1060603,"土地1建物1車位0","二層","四層","公寓(5樓含以下無電梯)","住家用","鋼筋混凝土造",630830,77.7,2,2,1,"有","無",12000000,154440,"RPPPMLTKPHMFFEA68CA"
"士林區","臺北市士林區重慶北路四段61~90號","住",1060616,"土地1建物1車位0","七層","七層","華廈(10層含以下有電梯)","住家用","鋼筋混凝土造",680123,58.06,2,1,1,"有","有",7240000,124699,"RPVPMLSKPHMFFEA56CA"
"士林區","臺北市士林區德行東路271~300號","住",1060624,"土地1建物1車位0","五層","五層","公寓(5樓含以下無電梯)","住家用","鋼筋混凝土造",680926,109.85,3,2,2,"有","無",15700000,142922,"RPWPMLSKPHMFFEA66CA"
"松山區","臺北市松山區延壽街330巷8弄1~30號","住",1060521,"土地1建物1車位0","八層","十一層","住宅大樓(11層含以上有電梯)","住家用","鋼筋混凝土造",980320,188.09,3,2,2,"有","有",41100000,218512,"RPOPMLQLPHMFFDA28CA"
"信義區","臺北市信義區吳興街600巷72弄1~30號","住",1060711,"土地2建物1車位0","三層","五層","公寓(5樓含以下無電梯)","住家用","鋼筋混凝土造",760205,108.39,3,1,2,"有","無",13000000,119937,"RPQNMLQLPHMFFDA28CA"
"松山區","臺北市松山區民生東路五段181~210號","商",1060617,"土地1建物1車位0","十層","十六層","套房(1房1廳1衛)","住家用","鋼筋混凝土造",721229,38.79,1,1,1,"有","有",7500000,193349,"RPRQMLSKPHMFFDA78CA"
"內湖區","臺北市內湖區安泰街51巷1~30號","住",1060611,"土地1建物1車位0","四層","五層","公寓(5樓含以下無電梯)","住家用","鋼筋混凝土造",730706,91.29,3,1,1,"有","無",8000000,87633,"RPSPMLMLQHMFFCA28CA"
"信義區","臺北市信義區虎林街141巷1~30號","住",1060625,"土地1建物1車位0","三層","四層","公寓(5樓含以下無電梯)","住家用","鋼筋混凝土造",640103,68.4,2,2,1,"有","無",12280000,179532,"RPTOMLPLPHMFFDA58CA"
"北投區","臺北市北投區中和街398巷5弄1~30號","住",1060619,"土地4建物1車位0","六層","十層","華廈(10層含以下有電梯)","住家用","鋼筋混凝土造",840622,72.72,2,1,1,"有","有",7500000,103135,"RPWNMLLLPHMFFEA58DA"
"北投區","臺北市北投區行義路154巷19弄1~30號","住",1060526,"土地1建物1車位0","二層","五層","公寓(5樓含以下無電梯)","住家用","鋼筋混凝土造",750207,76.08,2,2,1,"有","無",9500000,124869,"RPSOMLLLPHMFFEA28DA"
"松山區","臺北市松山區民生東路四段31~60號","商",1060526,"土地1建物1車位0","八層","十二層","辦公商業大樓","商業用","鋼筋混凝土造",721221,207.15,0,1,0,"有","有",45750000,220854,"RPXOMLPLPHMFFDA09DA"
"信義區","臺北市信義區吳興街583巷4弄1~30號","住",1060617,"土地1建物1車位0","全","三層","透天厝","住家用","加強磚造",651230,99.06,3,2,2,"有","無",17000000,171613,"RPQNMLTKPHMFFDA58DA"
"士林區","臺北市士林區德行東路190巷40弄1~30號","住",1060703,"土地1建物1車位0","一層","七層","華廈(10層含以下有電梯)","住家用","鋼筋混凝土造",741114,127.81,3,2,2,"有","有",28800000,225334,"RPTNMLPLQHMFFEA78DA"
"大安區","臺北市大安區信義路四段241~270號","商",1060615,"土地1建物1車位0","十三層","十四層","住宅大樓(11層含以上有電梯)","住家用","鋼筋混凝土造",NA,52.85,2,2,1,"有","有",14560000,275497,"RPQNMLNLPHMFFFA28DA"
"士林區","臺北市士林區中山北路六段290巷28弄1~30號","住",1060510,"土地1建物1車位0","三層","五層","公寓(5樓含以下無電梯)","住家用","鋼筋混凝土造",691124,91.13,3,2,2,"有","無",14150000,155273,"RPPOMLRJQHMFFEA48DA"
"大安區","臺北市大安區羅斯福路二段91~120號","商",1060616,"土地8建物1車位0","十四層","二十六層","住宅大樓(11層含以上有電梯)","住家用","鋼筋混凝土造",790927,83.67,2,2,1,"有","有",20000000,239034,"RPUNMLPLPHMFFFA88DA"
"大安區","臺北市大安區信義路四段241~270號","商",1060610,"土地2建物1車位0","十三層","十五層","住宅大樓(11層含以上有電梯)","住家用","鋼筋混凝土造",711106,64.31,2,2,1,"有","有",17280000,268698,"RPPOMLQLPHMFFFA48CA"
"中正區","臺北市中正區汀州路一段140巷31~60號","住",1060423,"土地2建物1車位0","全","二層","透天厝",NA,"加強磚造",NA,120.2,3,2,3,"有","無",17000000,141431,"RPRNMLLLPHMFFAA67DA"
"萬華區","臺北市萬華區永福街31~60號","商",1060122,"土地1建物1車位0","二層，騎樓","五層","公寓(5樓含以下無電梯)",NA,"鋼筋混凝土造",620106,85.55,5,0,4,"有","無",12300000,143776,"RPRNMLKMPHMFFBA77DA"
"中山區","臺北市中山區建國北路二段6巷1~30號","住",1060707,"土地1建物1車位0","四層","四層","公寓(5樓含以下無電梯)","住家用","加強磚造",570501,112.56,4,0,2,"有","無",14350000,127488,"RPTOMLSKPHMFFCA78DA"
"內湖區","臺北市內湖區康寧路一段181~210號","住",1060526,"土地1建物1車位0","二層","四層","公寓(5樓含以下無電梯)","住家用","鋼筋混凝土造",681018,93.38,3,1,1,"有","無",6565450,70309,"RPROMLKLPHMFFCA87DA"
"中正區","臺北市中正區臨沂街71巷1~30號","住",1060608,"土地1建物1車位0","二層","五層","公寓(5樓含以下無電梯)","住家用","鋼筋混凝土造",720815,126.99,3,2,2,"有","無",14537800,114489,"RPPOMLNJQHMFFBA77DA"
"中山區","臺北市中山區民生西路45巷11弄1~30號","住",1060605,"土地1建物1車位0","三層","四層","公寓(5樓含以下無電梯)",NA,"加強磚造",NA,81.25,3,2,1,"有","無",13500000,166154,"RPOOMLPLPHMFFCA08DA"
"北投區","臺北市北投區中央北路四段583巷10弄1~30號","住",1060711,"土地2建物1車位0","二層","五層","套房(1房1廳1衛)","住家用","鋼筋混凝土造",1050817,52.72,1,1,1,"有","有",9000000,170713,"RPXNMLLLPHMFFEA58CA"
"北投區","臺北市北投區中山北路七段219巷3弄91~120號","住",1060629,"土地1建物1車位0","二層","七層","華廈(10層含以下有電梯)","住家用","鋼筋混凝土造",730920,108.29,4,2,2,"有","有",13100000,120971,"RPOPMLPLPHMFFEA28CA"
"北投區","臺北市北投區建民路125巷1~30號","住",1060614,"土地1建物1車位0","五層","七層","套房(1房1廳1衛)","住家用","鋼筋混凝土造",1050602,57,1,1,1,"有","無",10880000,190877,"RPXOMLQLPHMFFEA56CA"
"北投區","臺北市北投區泉源路31~60號","住",1060619,"土地1建物1車位0","二層","十三層","套房(1房1廳1衛)","住家用","鋼筋混凝土造",890615,50.06,1,1,1,"有","有",6000000,119856,"RPPNMLNJQHMFFEA87CA"
"北投區","臺北市北投區明德路333巷31~60號","住",1060620,"土地1建物1車位0","二層","五層","公寓(5樓含以下無電梯)","住家用","鋼筋混凝土造",690408,110.18,5,0,5,"有","無",20000000,181521,"RPVPMLLKQHMFFEA58CA"
"大安區","臺北市大安區東豐街31~60號","住",1060524,"土地2建物1車位0","五層","七層","華廈(10層含以下有電梯)","住家用","鋼筋混凝土造",611215,238.9,5,2,2,"有","有",69900000,292591,"RPSPMLKLPHMFFFA28CA"
"大安區","臺北市大安區信義路三段61~90號","商",1060508,"土地2建物1車位0","一層，騎樓","十四層","店面(店鋪)","商業用","鋼筋混凝土造",871103,315.62,3,1,2,"有","有",258659550,819528,"RPPNMLLLPHMFFFA87CA"
"大安區","臺北市大安區復興南路二段151巷1~30號","住",1060512,"土地1建物1車位0","三層","五層","公寓(5樓含以下無電梯)","住家用","鋼筋混凝土造",NA,97.93,3,1,2,"有","無",18000000,183805,"RPRNMLOLPHMFFFA38CA"
"大安區","臺北市大安區泰順街33巷1~30號","住",1060704,"土地1建物1車位0","七層，夾層","七層","華廈(10層含以下有電梯)","住家用","鋼筋混凝土造",910117,69.55,4,3,3,"有","有",5400000,77653,"RPPQMLSKPHMFFFA78CA"
"大安區","臺北市大安區杭州南路二段91~120號","商",1060601,"土地2建物1車位0","五層","十二層","辦公商業大樓","商業用","鋼筋混凝土造",750401,181.33,4,2,2,"有","有",39500000,217835,"RPPNMLTKPHMFFFA58CA"
"大安區","臺北市大安區忠孝東路四段121~150號","商",1060607,"土地1建物1車位0","四層","十二層","住宅大樓(11層含以上有電梯)","商業用","鋼筋混凝土造",710209,68.02,0,0,0,"無","有",17000000,249926,"RPUNMLKLPHMFFFA28CA"
"大安區","臺北市大安區建國南路一段307巷1~30號","住",1060618,"土地2建物1車位0","十層","十四層","住宅大樓(11層含以上有電梯)","住家用","鋼筋混凝土造",760226,93.27,3,2,2,"有","有",23500000,251957,"RPVOMLKLPHMFFFA48CA"
"大安區","臺北市大安區安居街121~150號","住",1060522,"土地1建物1車位0","三層","五層","公寓(5樓含以下無電梯)","住家用","鋼筋混凝土造",NA,86.37,5,0,2,"有","無",11500000,133148,"RPPPMLKLPHMFFFA97CA"
"大安區","臺北市大安區建國南路二段151~180號","住",1060617,"土地1建物1車位0","五層","七層","華廈(10層含以下有電梯)","住家用","鋼筋混凝土造",NA,127.57,3,2,2,"有","有",28300000,221839,"RPRPMLKLPHMFFFA18CA"
"大安區","臺北市大安區仁愛路四段300巷17弄1~30號","住",1060515,"土地1建物1車位0","二層","七層","華廈(10層含以下有電梯)","住家用","鋼筋混凝土造",730724,141.96,3,2,2,"有","無",36500000,257115,"RPUPMLKLPHMFFFA48CA"
"大安區","臺北市大安區復興南路二段148巷1~30號","住",1060520,"土地3建物1車位0","二層","十一層","住宅大樓(11層含以上有電梯)","住家用","鋼筋混凝土造",NA,138.52,3,2,2,"有","無",33000000,238233,"RPVPMLOLPHMFFFA98CA"
"北投區","臺北市北投區中和街507巷3弄1~30號","住",1060615,"土地1建物4車位0","六層","七層","套房(1房1廳1衛)","住家用","鋼筋混凝土造",1050224,256.84,0,0,1,"無","有",39000000,151846,"RPWNMLLMPHMFFEA58CA"
"士林區","臺北市士林區天母東路105巷1~30號","住",1060529,"土地3建物1車位0","二層","五層","公寓(5樓含以下無電梯)","住家用","鋼筋混凝土造",750609,145.98,4,2,2,"有","無",18500000,126730,"RPQPMLKLPHMFFEA97CA"
"北投區","臺北市北投區大度路三段301巷28弄1~30號","住",1060619,"土地1建物1車位0","一層","五層","公寓(5樓含以下無電梯)","住商用","鋼筋混凝土造",760123,81.18,3,2,2,"有","無",9800000,120719,"RPTOMLTKPHMFFEA98CA"
"士林區","臺北市士林區中山北路七段114巷51弄1~30號","住",1060530,"土地1建物1車位0","七層","七層","華廈(10層含以下有電梯)","住家用","鋼筋混凝土造",691204,139.59,4,2,2,"有","無",29000000,207751,"RPXPMLQLPHMFFEA66CA"
"中山區","臺北市中山區吉林路168巷1~30號","住",1060326,"土地1建物1車位0","三層","四層","公寓(5樓含以下無電梯)","住家用","加強磚造",590825,62.13,2,2,1,"有","無",11280000,181555,"RPSQMLKLPHMFFCA18DA"
"內湖區","臺北市內湖區文德路210巷30弄61~90號","住",1060514,"土地1建物1車位0","一層","五層","公寓(5樓含以下無電梯)","住家用","鋼筋混凝土造",720422,154.66,6,2,2,"有","無",27100000,175223,"RPVOMLLLPHMFFCA38DA"
"萬華區","臺北市萬華區武昌街二段120巷1~30號","商",1060418,"土地3建物1車位0","全","四層","透天厝",NA,"加強磚造",NA,245.58,2,2,2,"有","無",36633100,149170,"RPPOMLRKQHMFFBA28DA"
"文山區","臺北市文山區興隆路二段244巷37弄1~30號","住",1060529,"土地1建物1車位0","四層","五層","公寓(5樓含以下無電梯)","住家用","鋼筋混凝土造",711102,92.41,3,2,1,"有","無",11700000,126610,"RPUNMLPLPHMFFAA38DA"
"文山區","臺北市文山區辛亥路四段21巷1~30號","住",1060604,"土地4建物1車位0","七層","十七層","住宅大樓(11層含以上有電梯)","住家用","鋼筋混凝土造",840801,118.37,3,2,2,"有","有",17600000,148686,"RPOOMLPLPHMFFAA87DA"
"大安區","臺北市大安區潮州街26巷5弄1~30號","其他",1060707,"土地1建物1車位0","三層，陽台","四層","公寓(5樓含以下無電梯)","住家用","鋼筋混凝土造",NA,165.01,6,2,2,"有","無",28500000,172717,"RPUNMLRLPHMFFFA98CA"
"大安區","臺北市大安區通化街123巷31~60號","住",1060619,"土地1建物1車位0","五層","五層","公寓(5樓含以下無電梯)","住家用","鋼筋混凝土造",691223,128.69,5,0,5,"有","無",19000000,147642,"RPUUMLLMPHMFFFA56CA"
"大安區","臺北市大安區和平東路二段118巷31~60號","住",1060526,"土地4建物1車位0","三層","四層","公寓(5樓含以下無電梯)","住家用","鋼筋混凝土造",NA,64.6,2,2,1,"有","無",12750000,197368,"RPVUMLLMPHMFFFA66CA"
"大安區","臺北市大安區市民大道四段61~90號","住",1060616,"土地1建物1車位0","五層，陽台","七層","華廈(10層含以下有電梯)","住家用","鋼筋混凝土造",NA,65.71,2,2,1,"有","有",15000000,228276,"RPSNMLOJQHMFFFA38CA"
"大安區","臺北市大安區四維路14巷1~30號","商",1060615,"土地1建物1車位0","六層","七層","華廈(10層含以下有電梯)","住家用","鋼筋混凝土造",781117,97.66,3,2,1,"有","有",27000000,276469,"RPWOMLKLPHMFFFA68DA"
"大安區","臺北市大安區金華街106巷1~30號","住",1060618,"土地2建物1車位0","三層","四層","公寓(5樓含以下無電梯)",NA,"加強磚造",551020,129.09,4,2,2,"有","無",24180000,187311,"RPTPMLKLPHMFFFA48DA"
"士林區","臺北市士林區天母北路87巷2弄1~30號","住",1060326,"土地1建物1車位0","四層","五層","公寓(5樓含以下無電梯)","住家用","鋼筋混凝土造",661124,105.27,3,2,2,"有","無",15380000,146101,"RPSNMLMLPHMFFEA28DA"
"大安區","臺北市大安區光復南路180巷31~60號","住",1060616,"土地1建物1車位0","六層，陽台","六層","華廈(10層含以下有電梯)","住家用","鋼筋混凝土造",NA,108.47,3,2,1,"有","有",29000000,267355,"RPQOMLPLPHMFFFA58DA"
"大安區","臺北市大安區光復南路180巷1~30號","住",1060619,"土地1建物1車位0","七層，陽台","十二層","住宅大樓(11層含以上有電梯)","住家用","鋼筋混凝土造",630506,178.63,5,2,2,"有","有",47000000,263114,"RPVOMLPLPHMFFFA09DA"
"南港區","臺北市南港區福德街310巷31~60號","住",1060616,"土地1建物2車位0","五層","五層","公寓(5樓含以下無電梯)","住家用","鋼筋混凝土造",NA,167.76,4,2,2,"有","無",25000000,149022,"RPQOMLTKPHMFFDA68DA"
"信義區","臺北市信義區永吉路120巷43弄1~30號","住",1060524,"土地1建物1車位0","一層","五層","公寓(5樓含以下無電梯)","住家用","鋼筋混凝土造",690604,103.2,4,2,2,"有","無",27550000,266957,"RPTNMLMLPHMFFDA28DA"
"信義區","臺北市信義區大道路121~150號","住",1060509,"土地4建物1車位0","六層","七層","華廈(10層含以下有電梯)","住家用","鋼筋混凝土造",NA,136.72,5,2,2,"有","有",21300000,155793,"RPRNMLMLPHMFFDA08DA"
"松山區","臺北市松山區南京東路五段291巷35弄31~60號","住",1060619,"土地2建物1車位0","全","二層","透天厝","住家用","加強磚造",490825,67.5,3,1,1,"有","無",31000000,459259,"RPXNMLOLPHMFFDA88DA"
"信義區","臺北市信義區莊敬路301~330號","商",1060520,"土地1建物1車位0","三層","七層","華廈(10層含以下有電梯)","商業用","鋼筋混凝土造",780327,119.76,3,2,2,"有","無",25180000,210254,"RPUOMLPLPHMFFDA78DA"
"信義區","臺北市信義區基隆路一段35巷11弄1~30號","住",1060531,"土地4建物1車位0","一層，平台","四層","公寓(5樓含以下無電梯)","住家用","鋼筋混凝土造",640709,83.25,3,2,1,"有","無",18000000,216216,"RPVOMLPLPHMFFDA88DA"
"士林區","臺北市士林區華齡街61~90號","住",1060619,"土地1建物1車位0","三層","五層","公寓(5樓含以下無電梯)","住家用","鋼筋混凝土造",690115,101.11,3,2,2,"有","無",15800000,156265,"RPSPMLLLPHMFFEA38DA"
"士林區","臺北市士林區中山北路七段191巷1~30號","住",1060625,"土地1建物1車位0","三層","七層","華廈(10層含以下有電梯)","住家用","鋼筋混凝土造",740813,143,3,2,2,"有","有",28560000,199720,"RPUQMLPLPHMFFEA09DA"
"信義區","臺北市信義區和平東路三段435巷1~30號","住",1060604,"土地2建物1車位0","五層","五層","公寓(5樓含以下無電梯)","住家用","鋼筋混凝土造",680115,88.38,3,2,1,"有","無",15600000,176511,"RPXNMLKLPHMFFDA38CA"
"南港區","臺北市南港區東新街1~30號","工",1060624,"土地1建物1車位0","一層","五層","公寓(5樓含以下無電梯)","住家用","鋼筋混凝土造",NA,94,0,1,1,"有","無",27000000,287234,"RPUOMLKLPHMFFDA18CA"
"信義區","臺北市信義區忠孝東路五段372巷27弄61~90號","住",1060708,"土地1建物1車位0","三層","七層","華廈(10層含以下有電梯)","住家用","鋼筋混凝土造",NA,107.51,3,2,1,"有","有",22800000,212073,"RPPPMLSLPHMFFDA58CA"
"士林區","臺北市士林區通河西街二段121~150號","住",1060528,"土地1建物1車位0","四層","十四層","住宅大樓(11層含以上有電梯)","住家用","鋼骨鋼筋混凝土造",1000525,92.21,2,1,1,"有","有",11600000,125800,"RPQPMLTKPHMFFEA78CA"
"士林區","臺北市士林區承德路四段6巷61~90號","住",1060620,"土地1建物1車位0","四層","四層","公寓(5樓含以下無電梯)","住家用","鋼筋混凝土造",NA,63.12,2,2,1,"有","無",8960000,141952,"RPRPMLTKPHMFFEA88CA"
"士林區","臺北市士林區文林路661巷1~30號","住",1060610,"土地2建物1車位0","全","二層","透天厝","住家用","加強磚造",570221,71.4,1,2,2,"有","無",25000000,350140,"RPSPMLTKPHMFFEA98CA"
"北投區","臺北市北投區中山北路七段219巷3弄151~180號","住",1060219,"土地1建物1車位0","五層","七層","華廈(10層含以下有電梯)","住家用","鋼筋混凝土造",731227,69.21,2,2,1,"有","有",10360000,149689,"RPQNMLKLPHMFFEA77CA"
"北投區","臺北市北投區泉源路31~60號","住",1060525,"土地1建物1車位0","十四層","十九層","住宅大樓(11層含以上有電梯)","住家用","鋼筋混凝土造",1050315,267.14,0,0,0,"無","有",46000000,172194,"SPPOMLKLPHMFFEA87CA"
"松山區","臺北市松山區健康路211~240號","住",1060526,"土地1建物1車位0","一層，騎樓","四層","公寓(5樓含以下無電梯)","住家用","鋼筋混凝土造",NA,109.35,0,0,0,"無","無",43800000,400549,"RPVNMLNJQHMFFDA38CA"
"松山區","臺北市松山區八德路四段601~630號","商",1060505,"土地1建物1車位0","十二層","十二層","住宅大樓(11層含以上有電梯)","住家用","鋼筋混凝土造",770816,81.26,2,1,1,"有","有",10600000,130445,"RPTNMLRJQHMFFDA58CA"
"南港區","臺北市南港區東新街170巷7弄1~30號","住",1060703,"土地2建物1車位0","一層","五層","公寓(5樓含以下無電梯)","商業用","鋼筋混凝土造",750812,106.19,0,0,0,"無","無",17500000,164799,"RPQPMLLKQHMFFDA97CA"
"中山區","臺北市中山區新生北路三段1~30號","商",1060624,"土地1建物1車位0","九層","十二層","住宅大樓(11層含以上有電梯)","商業用","鋼筋混凝土造",700703,31.77,0,0,1,"無","有",5000000,157381,"RPOOMLSLPHMFFCA28CA"
"中山區","臺北市中山區新生北路一段102巷1~30號","商",1060530,"土地1建物1車位0","五層","十二層","套房(1房1廳1衛)","住家用","鋼筋混凝土造",761217,55.4,1,1,1,"有","有",10500000,189531,"RPROMLRLPHMFFCA48CA"
"中山區","臺北市中山區農安街227巷3弄1~30號","住",1060705,"土地1建物1車位0","一層","五層","公寓(5樓含以下無電梯)","住家用","鋼筋混凝土造",661109,88.62,3,1,1,"有","無",19000000,214399,"RPTQMLOKQHMFFCA58CA"
"大同區","臺北市大同區延平北路二段241~270號","其他",1060611,"土地2建物1車位0","十層","十一層","套房(1房1廳1衛)","住家用","鋼筋混凝土造",710930,51.62,0,0,0,"無","有",7350000,142387,"RPPPMLKLPHMFFBA57CA"
"中正區","臺北市中正區杭州南路一段91~120號","商",1060612,"土地2建物1車位0","三層","十層","華廈(10層含以下有電梯)",NA,"鋼筋混凝土造",NA,105.15,2,1,1,"有","有",20800000,197813,"RPQPMLKLPHMFFBA67CA"
"大同區","臺北市大同區延平北路二段241~270號","其他",1060611,"土地2建物1車位0","十層","十一層","套房(1房1廳1衛)","住家用","鋼筋混凝土造",710930,59.23,0,0,0,"無","有",8400000,141820,"RPRPMLKLPHMFFBA77CA"
"萬華區","臺北市萬華區環河南路一段1~30號","商",1060524,"土地1建物1車位0","九層","十二層","住宅大樓(11層含以上有電梯)","住家用","鋼筋混凝土造",720624,27.12,1,0,1,"有","有",2760000,101770,"RPXNMLOLPHMFFBA58CA"
"大同區","臺北市大同區延平北路二段211~240號","其他",1060620,"土地1建物1車位0","二層","十一層","住宅大樓(11層含以上有電梯)","商業用","鋼筋混凝土造",720129,44.06,2,1,1,"有","有",7000000,158874,"RPTOMLOLPHMFFBA28CA"
"中正區","臺北市中正區延平南路216巷1~30號","住",1051208,"土地1建物1車位0","七層，陽台","七層","華廈(10層含以下有電梯)","住家用","鋼筋混凝土造",NA,121.85,3,2,2,"有","無",21450000,176036,"RPPNMLPLPHMFFAA77CA"
"文山區","臺北市文山區秀明路一段79巷5弄31~60號","住",1060421,"土地1建物1車位0","一層","五層","公寓(5樓含以下無電梯)","商業用","鋼筋混凝土造",780502,106.23,3,2,2,"有","無",19200000,180740,"RPTNMLQLPHMFFAA28CA"
"文山區","臺北市文山區富山路1巷1~30號","住",1060513,"土地1建物1車位0","三層","四層","公寓(5樓含以下無電梯)","住家用","鋼筋混凝土造",NA,65.52,2,2,1,"有","無",7100000,108364,"RPVNMLTKPHMFFAA68CA"
"文山區","臺北市文山區辛亥路四段77巷1~30號","住",1060613,"土地3建物1車位0","三層","十一層","住宅大樓(11層含以上有電梯)","住家用","鋼筋混凝土造",870731,88.64,2,2,1,"有","有",13850000,156250,"RPVNMLOLPHMFFAA28CA"
"大同區","臺北市大同區民族西路205巷1~30號","住",1060518,"土地2建物1車位0","二層","四層","公寓(5樓含以下無電梯)","住家用","鋼筋混凝土造",601203,84.24,3,2,2,"有","無",12000000,142450,"RPUOMLPKQHMFFBA48CA"
"萬華區","臺北市萬華區寶興街140巷1~30號","住",1060518,"土地2建物1車位0","四層","五層","公寓(5樓含以下無電梯)","住家用","鋼筋混凝土造",660711,71.99,2,2,1,"有","無",5500000,76399,"RPOPMLLKQHMFFBA57CA"
"中山區","臺北市中山區林森北路241~270號","商",1060603,"土地2建物1車位0","六層","十二層","套房(1房1廳1衛)","商業用","鋼筋混凝土造",710707,34.03,1,1,1,"有","有",5700000,167549,"RPWNMLTKPHMFFCA98CA"
"內湖區","臺北市內湖區行善路25巷1~30號","住",1060601,"土地1建物1車位0","八層","八層","華廈(10層含以下有電梯)","住家用","鋼筋混凝土造",870506,127.79,3,2,2,"有","有",17500000,136943,"RPSOMLTKPHMFFCA68CA"
"內湖區","臺北市內湖區瑞光路66巷31~60號","工",1060703,"土地1建物1車位0","四層，見使用執照","六層","辦公商業大樓","工業用","鋼筋混凝土造",871107,236.99,0,0,0,"無","有",25500000,107599,"RPPPMLTKPHMFFCA48CA"
"內湖區","臺北市內湖區康樂街111巷31~60號","住",1060618,"土地1建物1車位0","三層","五層","公寓(5樓含以下無電梯)","住家用","鋼筋混凝土造",740103,96.01,3,2,2,"有","無",12000000,124987,"RPQPMLTKPHMFFCA58CA"
"中山區","臺北市中山區松江路252巷6弄1~30號","住",1060620,"土地1建物1車位0","一層","四層","公寓(5樓含以下無電梯)",NA,"鋼筋混凝土造",610701,79.09,3,1,2,"有","無",19000000,240233,"RPTPMLLLPHMFFCA18CA"
"中山區","臺北市中山區林森北路631~660號","商",1060612,"土地1建物1車位0","八層","十層","華廈(10層含以下有電梯)","住家用","鋼筋混凝土造",760613,114.35,3,1,2,"有","有",18000000,157411,"RPXPMLLLPHMFFCA58CA"
"中山區","臺北市中山區新生北路三段31~60號","住",1060621,"土地2建物1車位0","三層","十一層","住宅大樓(11層含以上有電梯)","住家用","鋼筋混凝土造",670301,51.73,1,1,1,"有","有",7800000,150783,"RPOOMLLLPHMFFCA57CA"
"中山區","臺北市中山區林森北路241~270號","商",1060612,"土地2建物1車位0","十二層","十二層","住宅大樓(11層含以上有電梯)","商業用","鋼筋混凝土造",710707,48.26,1,1,1,"有","有",6250000,129507,"RPSRMLLLPHMFFCA28CA"
"中山區","臺北市中山區新生北路三段1~30號","住",1060623,"土地3建物1車位0","八層","十二層","住宅大樓(11層含以上有電梯)","商業用","鋼筋混凝土造",950209,38.69,2,1,1,"有","有",9800000,253295,"RPWOMLKLPHMFFCA28CA"
"中山區","臺北市中山區民權西路1~30號","商",1060611,"土地2建物1車位0","十層","十二層","辦公商業大樓","住家用","鋼筋混凝土造",660622,102,0,1,1,"有","有",18800000,184314,"RPPPMLKLPHMFFCA67CA"
"內湖區","臺北市內湖區內湖路一段737巷91~120號","住",1060630,"土地1建物1車位0","五層","九層","華廈(10層含以下有電梯)","住家用","鋼筋混凝土造",881026,83.1,2,1,1,"有","有",16000000,192539,"RPVPMLKLPHMFFCA28CA"
"中山區","臺北市中山區林森北路241~270號","商",1060612,"土地2建物1車位0","十二層","十二層","住宅大樓(11層含以上有電梯)","商業用","鋼筋混凝土造",710707,68.08,2,2,2,"有","有",8820000,129553,"RPURMLLLPHMFFCA48CA"
"中山區","臺北市中山區建國北路三段80巷1~30號","住",1060620,"土地1建物1車位0","十一層","十一層","住宅大樓(11層含以上有電梯)","住家用","鋼筋混凝土造",770104,135.94,3,1,2,"有","有",7800000,57378,"RPWNMLQLPHMFFCA78CA"
"中山區","臺北市中山區德惠街198巷1~30號","住",1060630,"土地1建物1車位0","四層","四層","公寓(5樓含以下無電梯)",NA,"鋼筋混凝土造",640226,88.49,3,2,1,"有","無",11000000,124308,"RPPPMLQLPHMFFCA28CA"
"中山區","臺北市中山區林森北路241~270號","商",1060612,"土地2建物1車位0","十二層","十二層","住宅大樓(11層含以上有電梯)","商業用","鋼筋混凝土造",710707,53.89,2,1,1,"有","有",6990000,129709,"RPRRMLLLPHMFFCA18CA"
"內湖區","臺北市內湖區成功路四段41巷8弄1~30號","住",1060622,"土地1建物1車位0","四層","五層","公寓(5樓含以下無電梯)","住家用","鋼筋混凝土造",690930,79.21,2,2,1,"有","無",10800000,136346,"RPWPMLKLPHMFFCA38CA"
"內湖區","臺北市內湖區文德路151~180號","住",1060608,"土地1建物2車位0","一層","五層","店面(店鋪)","商業用","鋼筋混凝土造",740410,186.49,0,2,2,"有","無",51500000,276154,"RPXPMLKLPHMFFCA48CA"
"內湖區","臺北市內湖區內湖路一段411巷9弄1~30號","住",1060519,"土地1建物1車位0","三層","四層","公寓(5樓含以下無電梯)","住家用","鋼筋混凝土造",670615,72.19,3,2,1,"有","無",10800000,149605,"RPRQMLKLPHMFFCA97CA"
"內湖區","臺北市內湖區成功路三段61~90號","住",1060616,"土地1建物1車位0","四層","五層","公寓(5樓含以下無電梯)","住家用","鋼筋混凝土造",701127,78.4,2,2,2,"有","無",10800000,137755,"RPTRMLLLPHMFFCA38CA"
"中山區","臺北市中山區建國北路一段121~150號","住",1060620,"土地1建物1車位0","八層","十三層","套房(1房1廳1衛)","住家用","鋼筋混凝土造",990318,33.16,1,1,1,"有","有",9000000,271411,"RPSQMLLLPHMFFCA18CA"
"文山區","臺北市文山區育英街17巷1~30號","住",1060626,"土地1建物1車位0","二層，陽台","四層","公寓(5樓含以下無電梯)","住家用","鋼筋混凝土造",NA,83.15,3,1,1,"有","無",11600000,139507,"RPQNMLSLPHMFFAA18CA"
"文山區","臺北市文山區興隆路三段221巷4弄1~30號","住",1060525,"土地3建物1車位0","五層","五層","公寓(5樓含以下無電梯)","住家用","鋼筋混凝土造",690910,97.6,3,2,2,"有","有",9250000,94775,"RPSNMLQLPHMFFAA18CA"
"文山區","臺北市文山區景華街91~120號","住",1060624,"土地2建物1車位0","四層","五層","公寓(5樓含以下無電梯)","住家用","鋼筋混凝土造",690212,81.75,3,2,1,"有","無",9300000,113761,"RPQNMLLJQHMFFAA37CA"
"文山區","臺北市文山區景興路97巷1~30號","住",1060624,"土地1建物1車位0","二層","四層","公寓(5樓含以下無電梯)","住家用","鋼筋混凝土造",NA,81.95,3,2,1,"有","無",11380000,138865,"RPPNMLLLPHMFFAA37CA"
"文山區","臺北市文山區萬壽路31~60號","其他",1060628,"土地9建物1車位0","全","二層","透天厝","住家用","加強磚造",NA,123.75,4,1,2,"有","無",12500000,101010,"RPTNMLKLPHMFFAA67CA"
"文山區","臺北市文山區木新路二段161巷6弄1~30號","住",1060508,"土地1建物1車位0","一層","五層","公寓(5樓含以下無電梯)","住家用","鋼筋混凝土造",730623,95.55,3,2,2,"有","無",15500000,162219,"RPUNMLQLPHMFFAA38CA"
"文山區","臺北市文山區木新路二段161巷6弄1~30號","住",1060508,"土地1建物1車位0","一層","五層","公寓(5樓含以下無電梯)","住家用","鋼筋混凝土造",720815,121.08,4,2,2,"有","無",19000000,156921,"RPVNMLQLPHMFFAA48CA"
"文山區","臺北市文山區興隆路二段203巷121~150號","住",1060423,"土地1建物1車位0","十層","十一層","住宅大樓(11層含以上有電梯)","住家用","鋼筋混凝土造",860623,83.39,2,2,1,"有","有",12050000,144502,"RPXNMLPLPHMFFAA58CA"
"文山區","臺北市文山區木新路三段303巷2弄1~30號","住",1060425,"土地3建物1車位0","五層","五層","公寓(5樓含以下無電梯)","住家用","鋼筋混凝土造",701029,88.93,3,2,1,"有","無",9800000,110199,"RPQOMLPLPHMFFAA97CA"
"大同區","臺北市大同區延平北路二段31~60號","其他",1060628,"土地12建物1車位0","十層","十一層","套房(1房1廳1衛)","商業用","鋼筋混凝土造",661028,42.15,1,1,1,"有","無",5400000,128114,"RPQOMLOLPHMFFBA97CA"
"大同區","臺北市大同區延平北路一段31~60號","商",1060710,"土地1建物1車位0","八層","十一層","套房(1房1廳1衛)","商業用","鋼筋混凝土造",700223,22.44,1,0,1,"有","有",3000000,133690,"RPROMLOLPHMFFBA08CA"
"大同區","臺北市大同區歸綏街181~210號","商",1060708,"土地1建物1車位0","七層","十層","套房(1房1廳1衛)","商業用","鋼筋混凝土造",680925,22.87,1,1,1,"有","有",2380000,104066,"RPTNMLQLPHMFFBA38CA"
"萬華區","臺北市萬華區貴陽街二段164巷1~30號","商",1060526,"土地1建物1車位0","三層","五層","公寓(5樓含以下無電梯)","住家用","鋼筋混凝土造",651125,100.26,5,0,5,"有","無",12500000,124676,"RPUOMLKLPHMFFBA97CA"
"大同區","臺北市大同區迪化街一段91~120號","其他",1060714,"土地3建物1車位0","全","二層","透天厝","住家用","土磚石混合造",NA,18.15,0,0,0,"無","無",8000001,440771,"RPWOMLKLPHMFFBA18CA"
"文山區","臺北市文山區秀明路二段24巷1~30號","住",1060701,"土地1建物1車位0","二層","五層","公寓(5樓含以下無電梯)","住家用","鋼筋混凝土造",720802,111.24,3,2,2,"有","無",14300000,128551,"RPXNMLKKQHMFFAA08CA"
"文山區","臺北市文山區興隆路三段207巷12弄1~30號","住",1060522,"土地1建物1車位0","五層","五層","公寓(5樓含以下無電梯)","住家用","鋼筋混凝土造",730830,92.4,2,2,1,"有","有",12000000,129870,"RPRNMLQJQHMFFAA97CA"
"中山區","臺北市中山區伊通街52巷1~30號","住",1060614,"土地1建物1車位0","四層","五層","套房(1房1廳1衛)","住家用","鋼筋混凝土造",811222,35.54,0,0,0,"無","有",7000000,196961,"RPTNMLOJQHMFFCA18CA"
"中山區","臺北市中山區天津街61~90號","商",1060609,"土地1建物1車位0","五層","九層","華廈(10層含以下有電梯)","商業用","鋼筋混凝土造",661024,323.04,4,3,3,"有","有",44000000,136206,"RPTPMLRJQHMFFCA68CA"
"中山區","臺北市中山區龍江路394巷1~30號","住",1060616,"土地1建物1車位0","三層","五層","公寓(5樓含以下無電梯)","住家用","鋼筋混凝土造",710913,86.01,3,2,2,"有","無",13200000,153471,"RPSQMLNJQHMFFCA28CA"
"中山區","臺北市中山區建國北路三段113巷19弄1~30號","商",1060626,"土地1建物2車位0","一層","五層","倉庫","商業用","鋼筋混凝土造",690901,152.66,0,0,0,"無","無",22250000,NA,"RPQOMLOJQHMFFCA97CA"
"中山區","臺北市中山區明水路541~570號","住",1060629,"土地1建物1車位0","九層，十層","十六層","套房(1房1廳1衛)","住家用","鋼筋混凝土造",850530,42.75,1,1,1,"有","有",8400000,196491,"RPOOMLMJQHMFFCA57CA"
"信義區","臺北市信義區信義路五段150巷301~330號","住",1060701,"土地1建物1車位0","六層","十三層","套房(1房1廳1衛)","住家用","鋼筋混凝土造",980408,39.31,1,1,1,"有","有",9250000,235309,"RPOQMLLMPHMFFDA97CA"
"松山區","臺北市松山區南京東路四段133巷6弄1~30號","住",1060616,"土地1建物1車位0","三層","四層","公寓(5樓含以下無電梯)",NA,"鋼筋混凝土造",510721,102.21,3,2,1,"有","無",18580000,181783,"RPSNMLNJQHMFFDA08CA"
"信義區","臺北市信義區莊敬路211~240號","商",1060619,"土地1建物1車位0","三層","四層","公寓(5樓含以下無電梯)","住家用","鋼筋混凝土造",600930,86.53,3,2,2,"有","無",16420000,189761,"RPTNMLLMPHMFFDA18CA"
"南港區","臺北市南港區中坡南路31巷1~30號","住",1060620,"土地1建物1車位0","三層，陽台","四層","公寓(5樓含以下無電梯)","住家用","鋼筋混凝土造",NA,106.26,3,2,1,"有","無",17150000,161397,"RPRPMLSLPHMFFDA78CA"
"松山區","臺北市松山區光復北路60巷1~30號","住",1060531,"土地2建物1車位0","二層","七層","華廈(10層含以下有電梯)","住家用","鋼筋混凝土造",710924,58.79,3,2,2,"有","無",11557000,196614,"RPTNMLSLPHMFFDA78CA"
"松山區","臺北市松山區新東街20巷31~60號","住",1060611,"土地1建物1車位0","四層，陽台","四層","公寓(5樓含以下無電梯)",NA,"鋼筋混凝土造",640408,95.78,3,2,2,"有","無",20300000,211944,"RPXNMLSLPHMFFDA56CA"
"信義區","臺北市信義區忠孝東路五段211~240號","商",1060703,"土地1建物1車位0","二層","十四層","套房(1房1廳1衛)","住家用","鋼筋混凝土造",940930,41.41,1,1,1,"有","有",15300000,369476,"RPQOMLQLPHMFFDA38CA"
"南港區","臺北市南港區成福路181~210號","住",1060611,"土地5建物1車位0","四層","五層","公寓(5樓含以下無電梯)","住家用","鋼筋混凝土造",NA,87.15,3,2,2,"有","無",8850000,101549,"RPQNMLLLPHMFFDA77CA"
"南港區","臺北市南港區市民大道七段31~60號","工",1060620,"土地1建物1車位0","二層","五層","公寓(5樓含以下無電梯)","住家用","鋼筋混凝土造",NA,69.83,2,1,1,"有","無",9600000,137477,"RPVNMLLLPHMFFDA28CA"
"信義區","臺北市信義區忠孝東路五段790巷70弄1~30號","住",1060617,"土地1建物1車位0","三層，陽台","四層","公寓(5樓含以下無電梯)","住家用","鋼筋混凝土造",NA,77.2,3,2,1,"有","無",11680000,151295,"RPWNMLLLPHMFFDA38CA"
"南港區","臺北市南港區興中路80巷1~30號","商",1060608,"土地1建物1車位0","騎樓，一層","三層","店面(店鋪)","商業用","鋼筋混凝土造",610707,82.23,0,0,0,"無","無",16000000,194576,"RPROMLLLPHMFFDA97CA"
"松山區","臺北市松山區八德路四段631~660號","商",1060621,"土地1建物1車位0","七層","十三層","套房(1房1廳1衛)","住家用","鋼筋混凝土造",1021216,42.61,1,0,1,"有","有",10900000,255808,"RPXOMLLLPHMFFDA58CA"
"內湖區","臺北市內湖區環山路一段59巷10弄1~30號","住",1060617,"土地2建物1車位0","四層","四層","公寓(5樓含以下無電梯)","住家用","鋼筋混凝土造",680910,93.82,3,2,2,"有","無",13750000,146557,"RPPRMLOLQHMFFCA48DA"
"信義區","臺北市信義區松山路204巷1~30號","商",1060531,"土地3建物1車位0","十三層","十六層","住宅大樓(11層含以上有電梯)","住家用","鋼筋混凝土造",760713,126.75,3,2,2,"有","有",26000000,205128,"RPUNMLMLPHMFFDA38DA"
"中山區","臺北市中山區錦州街31~60號","商",1060525,"土地1建物1車位0","七層","十一層","住宅大樓(11層含以上有電梯)","住家用","鋼筋混凝土造",711102,64.85,2,1,1,"有","有",9580000,147726,"RPUSMLSKQHMFFCA76DA"
"中山區","臺北市中山區錦州街31~60號","商",1060720,"土地1建物1車位0","七層","十一層","住宅大樓(11層含以上有電梯)","商業用","鋼筋混凝土造",711102,37.8,1,1,1,"有","有",4680000,123810,"RPUNMLMJQHMFFCA18DA"
"大安區","臺北市大安區復興南路一段241~270號","其他",1060623,"土地2建物1車位0","十四層","十四層","住宅大樓(11層含以上有電梯)","住家用","鋼筋混凝土造",NA,47.57,1,2,1,"有","有",11420000,240067,"RPSOMLLJQHMFFFA28DA"
"萬華區","臺北市萬華區漢口街二段61~90號","商",1060610,"土地2建物1車位0","七層","十二層","套房(1房1廳1衛)","商業用","鋼筋混凝土造",850106,50.5,1,1,1,"有","有",7000000,138614,"RPTOMLSLPHMFFBA78DA"
"士林區","臺北市士林區士東路89巷1~30號","住",1060611,"土地1建物1車位0","三層","四層","公寓(5樓含以下無電梯)","住家用","鋼筋混凝土造",740523,126.09,3,2,2,"有","無",18910000,149972,"RPPPMLKLPHMFFEA87CA"
"士林區","臺北市士林區中山北路七段190巷1~30號","住",1060620,"土地1建物1車位0","二層","七層","華廈(10層含以下有電梯)","住家用","鋼筋混凝土造",700711,111.45,3,2,2,"有","有",17300000,155227,"RPPOMLOLPHMFFEA18CA"
"士林區","臺北市士林區克強路1~30號","住",1060530,"土地1建物1車位0","七層","七層","華廈(10層含以下有電梯)","住家用","鋼筋混凝土造",661110,139.99,4,2,2,"有","有",23500000,167869,"RPUOMLLMPHMFFEA48CA"
"士林區","臺北市士林區天玉街44巷1~30號","住",1060614,"土地1建物1車位0","二層","五層","公寓(5樓含以下無電梯)","住家用","鋼筋混凝土造",670203,138.82,4,2,2,"有","無",20500000,147673,"RPVQMLTJQHMFFEA76CA"
"士林區","臺北市士林區幸福街5巷1~30號","商",1060624,"土地4建物1車位0","四層，陽台","四層","公寓(5樓含以下無電梯)","住家用","鋼筋混凝土造",651220,118.92,3,2,2,"有","無",16000000,134544,"RPUPMLQKQHMFFEA98CA"
"士林區","臺北市士林區通河街325巷31~60號","住",1060711,"土地1建物1車位0","三層","五層","公寓(5樓含以下無電梯)","住家用","鋼筋混凝土造",591210,29.48,1,1,1,"有","無",2600000,88195,"RPROMLPKQHMFFEA48CA"
"大安區","臺北市大安區延吉街61~90號","住",1060522,"土地1建物1車位0","五層","七層","華廈(10層含以下有電梯)","住家用","鋼筋混凝土造",750723,141.08,4,2,2,"有","有",30300000,214772,"RPTOMLOLPHMFFFA68CA"
"北投區","臺北市北投區中和街31~60號","其他",1060527,"土地1建物1車位0","七層","八層","套房(1房1廳1衛)","住家用","鋼筋混凝土造",690821,30.68,0,0,0,"無","有",2500000,81486,"RPWOMLLKQHMFFEA58CA"
"北投區","臺北市北投區立農街一段31~60號","住",1060626,"土地1建物1車位0","二層","五層","公寓(5樓含以下無電梯)","住家用","鋼筋混凝土造",790116,139.91,3,2,2,"有","無",17800000,127225,"RPQNMLMLPHMFFEA97CA"
"北投區","臺北市北投區尊賢街239巷1~30號","住",1060628,"土地1建物1車位0","一層","四層","公寓(5樓含以下無電梯)","住家用","鋼筋混凝土造",620119,84.03,2,2,1,"有","無",17500000,208259,"RPQQMLPLPHMFFEA58CA"
"北投區","臺北市北投區稻香路1~30號","住",1060522,"土地1建物1車位0","全","二層","透天厝","住家用","磚造",830418,95.67,2,2,1,"有","無",6800000,71078,"RPSQMLPLPHMFFEA78CA"
"文山區","臺北市文山區興隆路二段220巷31弄1~30號","住",1060608,"土地2建物1車位0","三層，陽台","四層","公寓(5樓含以下無電梯)","住家用","鋼筋混凝土造",631212,109.8,3,2,1,"有","無",12000000,109290,"RPSNMLSJQHMFFAA38DA"
"內湖區","臺北市內湖區環山路一段136巷14弄1~30號","住",1060606,"土地1建物1車位0","四層","四層","公寓(5樓含以下無電梯)","住家用","鋼筋混凝土造",NA,76.64,6,3,2,"有","有",12680000,165449,"RPVPMLPLPHMFFCA88DA"
"內湖區","臺北市內湖區環山路二段109巷6弄1~30號","住",1060512,"土地1建物1車位0","三層","五層","公寓(5樓含以下無電梯)","住家用","鋼筋混凝土造",730417,103.91,4,1,2,"有","無",14800000,142431,"RPPNMLMLPHMFFCA77DA"
"大同區","臺北市大同區天水路31~60號","商",1060620,"土地1建物1車位0","七層","十一層","住宅大樓(11層含以上有電梯)","住商用","鋼筋混凝土造",710703,110.64,4,1,2,"有","有",17700000,159978,"RPTNMLKMPHMFFBA97DA"
"大安區","臺北市大安區復興南路二段160巷1~30號","商",1060624,"土地2建物1車位0","八層","十二層","住宅大樓(11層含以上有電梯)","住家用","鋼筋混凝土造",730308,97.66,2,2,2,"有","無",23200000,237559,"RPSNMLQLPHMFFFA68CA"
"大安區","臺北市大安區光復南路240巷31~60號","住",1060606,"土地1建物1車位0","七層","七層","華廈(10層含以下有電梯)","住家用","鋼筋混凝土造",701204,145.55,4,3,3,"有","無",41500000,285125,"RPOOMLPLPHMFFFA38DA"
"大安區","臺北市大安區忠孝東路三段181~210號","住",1060605,"土地2建物1車位0","十四層","十四層","住宅大樓(11層含以上有電梯)","住家用","鋼筋混凝土造",760423,107.72,3,2,2,"有","有",23000000,213517,"RPROMLMJQHMFFFA28DA"
"大安區","臺北市大安區敦化南路一段181~210號","其他",1060621,"土地1建物1車位0","二層","十四層","住宅大樓(11層含以上有電梯)","住家用","鋼筋混凝土造",NA,205.67,2,1,2,"有","有",56680000,275587,"RPQNMLTLPHMFFFA88DA"
"中山區","臺北市中山區天祥路61~90號","商",1060623,"土地1建物1車位0","九層","十四層","住宅大樓(11層含以上有電梯)","住家用","鋼筋混凝土造",931203,44.03,3,1,1,"有","有",10050000,228253,"RPSOMLMJQHMFFCA08DA"
"中山區","臺北市中山區松江路184巷26弄1~30號","住",1060617,"土地2建物1車位0","五層","九層","華廈(10層含以下有電梯)","住家用","鋼筋混凝土造",971202,53.89,2,1,1,"有","有",12900000,239377,"RPVNMLRJQHMFFCA78DA"
"松山區","臺北市松山區八德路四段211~240號","住",1060614,"土地1建物1車位0","五層","七層","華廈(10層含以下有電梯)","住家用","鋼筋混凝土造",760708,129.61,4,2,2,"有","有",24300000,187486,"RPQOMLOLPHMFFDA18CA"
"信義區","臺北市信義區信義路五段150巷481~510號","住",1060706,"土地1建物1車位0","五層","十六層","套房(1房1廳1衛)","住家用","鋼筋混凝土造",851209,53.01,1,1,1,"有","有",9260000,174684,"RPROMLOLPHMFFDA28CA"
"松山區","臺北市松山區八德路四段421~450號","商",1060605,"土地1建物1車位0","十三層","十四層","套房(1房1廳1衛)","住家用","鋼筋混凝土造",970205,37.63,1,1,1,"有","有",8000000,212596,"RPVOMLLLPHMFFDA38CA"
"信義區","臺北市信義區崇德街63巷1~30號","住",1060702,"土地1建物1車位0","二層","四層","公寓(5樓含以下無電梯)","住家用","鋼筋混凝土造",NA,53.59,2,2,1,"有","無",10750000,200597,"RPWOMLLLPHMFFDA48CA"
"信義區","臺北市信義區忠孝東路五段421~450號","商",1060609,"土地0建物1車位0","四層，陽台","四層","公寓(5樓含以下無電梯)","住家用","鋼筋混凝土造",NA,85.07,9,1,2,"有","無",23500000,276243,"RPWPMLSLPHMFFDA66CA"
"信義區","臺北市信義區忠孝東路五段215巷1~30號","住",1060617,"土地1建物1車位0","二層","六層","套房(1房1廳1衛)","住家用","鋼筋混凝土造",831129,47.02,1,1,1,"有","有",10000000,212675,"RPPQMLSLPHMFFDA68CA"
"南港區","臺北市南港區昆陽街60巷1~30號","其他",1060510,"土地1建物1車位0","八層","八層","華廈(10層含以下有電梯)","工業用","鋼筋混凝土造",820816,152.71,3,2,2,"有","有",17880000,117085,"RPVNMLLMPHMFFDA38CA"
"松山區","臺北市松山區民生東路五段260巷1~30號","住",1060711,"土地1建物1車位0","四層","四層","公寓(5樓含以下無電梯)","住家用","鋼筋混凝土造",731124,128.7,3,2,2,"有","無",24000000,186480,"RPQNMLLLQHMFFDA87CA"
"南港區","臺北市南港區重陽路57巷31~60號","住",1060713,"土地1建物1車位0","二層","九層","華廈(10層含以下有電梯)","住家用","鋼筋混凝土造",951229,132.93,3,2,2,"有","有",11000000,82750,"RPROMLSKQHMFFDA68CA"
"信義區","臺北市信義區忠孝東路五段790巷70弄1~30號","住",1060629,"土地1建物1車位0","二層，陽台","四層","公寓(5樓含以下無電梯)","住家用","鋼筋混凝土造",NA,74.49,3,2,1,"有","無",200000,2685,"RPXNMLOKQHMFFDA78CA"
"中山區","臺北市中山區新生北路二段60巷1~30號","商",1060623,"土地1建物2車位0","十層","十二層","套房(1房1廳1衛)","住家用","鋼筋混凝土造",701228,67.21,0,0,0,"無","有",8100000,120518,"RPXNMLOJQHMFFCA58CA"
"中山區","臺北市中山區新生北路三段68巷1~30號","商",1060714,"土地1建物1車位0","四層","五層","套房(1房1廳1衛)","商業用","鋼筋混凝土造",851011,43.8,1,1,1,"有","有",7300000,166667,"RPROMLKKQHMFFCA77CA"
"文山區","臺北市文山區景興路211~240號","商",1060517,"土地1建物1車位0","八層","十八層","住宅大樓(11層含以上有電梯)","商業用","鋼筋混凝土造",890516,92.46,2,2,1,"有","無",7400000,80035,"RPPOMLPLQHMFFAA97CA"
"萬華區","臺北市萬華區貴陽街二段96巷1~30號","商",1060621,"土地1建物1車位0","四層","五層","公寓(5樓含以下無電梯)","住家用","鋼筋混凝土造",NA,85.98,2,1,1,"有","無",10500000,122121,"RPQNMLRLPHMFFBA18CA"
"大同區","臺北市大同區南京西路91~120號","商",1060629,"土地1建物1車位0","十一層","十一層","套房(1房1廳1衛)","商業用","鋼筋混凝土造",831111,54.17,1,1,1,"有","有",10160000,187558,"RPPOMLOLPHMFFBA87CA"
"中正區","臺北市中正區延平南路91~120號","商",1060701,"土地1建物1車位0","地下一層","十五層","辦公商業大樓","商業用","鋼筋混凝土造",700225,8.04,0,0,0,"無","有",1057050,131474,"RPVOMLOLPHMFFBA48CA"
"萬華區","臺北市萬華區雙園街60巷31~60號","住",1060701,"土地1建物1車位0","一層","二層","店面(店鋪)","住家用","加強磚造",530610,45.36,1,1,1,"有","無",6300000,138889,"RPPPMLOLPHMFFBA97CA"
"萬華區","臺北市萬華區和平西路三段361~390號","住",1060618,"土地2建物1車位0","六層","八層","華廈(10層含以下有電梯)","住家用","鋼筋混凝土造",700706,39.29,0,0,1,"無","有",3540000,90099,"RPPNMLPLPHMFFBA87CA"
"萬華區","臺北市萬華區萬大路618巷31~60號","住",1060324,"土地1建物1車位0","四層","五層","公寓(5樓含以下無電梯)","住家用","鋼筋混凝土造",750613,80.77,2,1,1,"有","無",8350000,103380,"RPPOMLLLPHMFFBA57CA"
"大同區","臺北市大同區重慶北路三段335巷31~60號","住",1060629,"土地1建物1車位0","四層","四層","公寓(5樓含以下無電梯)","住家用","加強磚造",NA,42.37,2,1,1,"有","無",6200000,146330,"RPSNMLMLPHMFFBA87CA"
"中正區","臺北市中正區南昌路二段91~120號","商",1060506,"土地1建物1車位0","十層","十一層","套房(1房1廳1衛)","住家用","鋼筋混凝土造",851127,41.1,1,0,0,"有","有",8400000,204380,"RPOOMLOLPHMFFAA67CA"
"中正區","臺北市中正區重慶南路三段27巷1~30號","住",1060626,"土地2建物1車位0","三層","四層","公寓(5樓含以下無電梯)",NA,"加強磚造",NA,72.59,2,2,1,"有","無",13600000,187354,"RPPOMLOLPHMFFAA77CA"
"文山區","臺北市文山區木柵路四段9巷1~30號","住",1060629,"土地2建物1車位0","一層","十三層","套房(1房1廳1衛)","住家用","鋼筋混凝土造",870815,58.65,1,1,1,"有","有",7600000,129582,"RPSNMLLMPHMFFAA77CA"
"萬華區","臺北市萬華區康定路91~120號","商",1060710,"土地1建物1車位0","十二層","二十六層","套房(1房1廳1衛)","住家用","見其他登記事項",1050331,58.31,1,1,1,"有","有",11120000,190705,"RPVNMLRKQHMFFBA68CA"
"萬華區","臺北市萬華區康定路91~120號","商",1060706,"土地1建物1車位0","十一層","二十六層","套房(1房1廳1衛)","住家用","見其他登記事項",1050331,66.12,1,1,1,"有","有",12400000,187538,"RPWNMLRKQHMFFBA78CA"
"大同區","臺北市大同區寧夏路121~150號","商",1060602,"土地1建物1車位0","十一層","十五層","住宅大樓(11層含以上有電梯)","住家用","鋼筋混凝土造",1050421,142.94,3,2,2,"有","有",28100000,196586,"RPPNMLMJQHMFFBA47CA"
"萬華區","臺北市萬華區國興路1~30號","住",1060612,"土地1建物1車位0","三層","十二層","住宅大樓(11層含以上有電梯)","住家用","鋼筋混凝土造",NA,46.08,2,2,1,"有","有",6400000,138889,"RPWNMLMJQHMFFBA18CA"
"萬華區","臺北市萬華區中華路一段61~90號","商",1060714,"土地1建物1車位0","二層","十四層","辦公商業大樓","商業用","鋼筋混凝土造",870604,236.22,5,2,2,"有","有",49600000,209974,"RPWNMLNJQHMFFBA28CA"
"內湖區","臺北市內湖區康樂街72巷17弄31~60號","住",1060625,"土地1建物1車位0","二層","五層","公寓(5樓含以下無電梯)","住家用","鋼筋混凝土造",731019,116.37,3,2,2,"有","無",12100000,103979,"RPTQMLLLPHMFFCA28CA"
"中山區","臺北市中山區中山北路一段105巷1~30號","商",1060705,"土地1建物1車位0","六層","七層","華廈(10層含以下有電梯)","商業用","鋼筋混凝土造",840314,45.38,1,1,1,"有","有",6860000,151168,"RPQOMLLLPHMFFCA77CA"
"內湖區","臺北市內湖區民權東路六段121~150號","商",1060625,"土地1建物1車位0","七層","十二層","套房(1房1廳1衛)","住家用","鋼筋混凝土造",960621,44.7,1,1,1,"有","有",8700000,194631,"RPSNMLOLPHMFFCA18CA"
"中山區","臺北市中山區松江路1~30號","商",1060712,"土地1建物2車位0","六層","十二層","套房(1房1廳1衛)","住商用","鋼筋混凝土造",661102,42.17,1,1,1,"有","有",6200000,147024,"RPUNMLOLPHMFFCA38CA"
"中山區","臺北市中山區長安東路二段181~210號","商",1060603,"土地1建物1車位0","十二層","十二層","住宅大樓(11層含以上有電梯)","住家用","鋼筋混凝土造",720430,180.2,4,2,2,"有","有",30000000,166482,"RPQPMLOLPHMFFCA18CA"
"中山區","臺北市中山區林森北路571~600號","商",1060630,"土地1建物1車位0","八層","十一層","住宅大樓(11層含以上有電梯)","住家用","鋼筋混凝土造",660322,43.28,1,1,1,"有","有",7060000,163124,"RPQNMLQLPHMFFCA18CA"
"內湖區","臺北市內湖區成功路四段324巷2弄1~30號","住",1060701,"土地2建物1車位0","五層","五層","公寓(5樓含以下無電梯)","住家用","鋼筋混凝土造",730308,107.83,4,2,3,"有","無",13500000,125197,"RPOQMLOLPHMFFCA08CA"
"中山區","臺北市中山區興安街80巷1~30號","住",1060510,"土地1建物1車位0","四層","四層","公寓(5樓含以下無電梯)","住家用","鋼筋混凝土造",NA,80.3,3,2,1,"有","無",16500000,205479,"RPVNMLRLPHMFFCA78CA"
"內湖區","臺北市內湖區康寧路三段56巷132弄1~30號","住",1060705,"土地1建物1車位0","一層，二層","五層","公寓(5樓含以下無電梯)","住家用","鋼筋混凝土造",770922,119.61,3,2,1,"有","有",13880000,116044,"RPQPMLRLPHMFFCA48CA"
"中山區","臺北市中山區建國北路三段81巷1~30號","住",1060709,"土地1建物1車位0","四層","七層","華廈(10層含以下有電梯)","住家用","鋼筋混凝土造",720221,116.26,3,2,2,"有","無",18100000,155686,"RPRNMLPLPHMFFCA18CA"
"中山區","臺北市中山區民族東路512巷13弄1~30號","住",1060526,"土地1建物1車位0","一層","四層","公寓(5樓含以下無電梯)","住家用","鋼筋混凝土造",700119,54.84,2,1,1,"有","無",12010966,219018,"RPXPMLPLPHMFFCA98CA"
"大同區","臺北市大同區環河北路二段151~180號","住",1060619,"土地2建物1車位0","五層","五層","公寓(5樓含以下無電梯)","住家用","鋼筋混凝土造",731120,65,2,1,1,"有","無",5000000,76911,"RPSNMLNJQHMFFBA87CA"
"大同區","臺北市大同區承德路三段208巷61~90號","住",1060624,"土地1建物1車位0","三層","七層","華廈(10層含以下有電梯)","住家用","鋼筋混凝土造",720630,94.77,2,2,1,"有","有",16160000,170536,"RPWNMLRJQHMFFBA68CA"
"萬華區","臺北市萬華區西園路二段320巷36弄31~60號","住",1060126,"土地1建物1車位0","二層","五層","公寓(5樓含以下無電梯)","住家用","鋼筋混凝土造",601012,40.87,2,1,1,"有","無",4100000,100318,"RPVPMLSKQHMFFBA98CA"
"文山區","臺北市文山區興隆路三段207巷7弄1~30號","住",1060706,"土地2建物1車位0","二層","五層","公寓(5樓含以下無電梯)","住家用","鋼筋混凝土造",710225,96,3,2,1,"有","無",4278209,44565,"RPUOMLOLPHMFFAA28CA"
"大同區","臺北市大同區大龍街211~240號","住",1060629,"土地1建物1車位0","二層","三層","公寓(5樓含以下無電梯)",NA,"加強磚造",NA,122.18,3,1,1,"有","無",11000000,90031,"RPTOMLPLPHMFFBA38CA"
"萬華區","臺北市萬華區寶興街31~60號","住",1060620,"土地1建物1車位0","四層","四層","公寓(5樓含以下無電梯)","住家用","鋼筋混凝土造",600803,41.1,3,2,1,"有","無",3000000,72993,"RPUOMLRLPHMFFBA68CA"
"文山區","臺北市文山區景興路181~210號","商",1060701,"土地1建物1車位0","四層","十八層","套房(1房1廳1衛)","商業用","鋼骨鋼筋混凝土造",831210,50.57,1,1,1,"有","有",6350000,125593,"RPRNMLKKQHMFFAA47CA"
"中山區","臺北市中山區建國北路二段258巷1~30號","住",1060614,"土地1建物1車位0","二層","七層","華廈(10層含以下有電梯)","住家用","鋼筋混凝土造",701230,183.58,4,2,2,"有","無",30500000,166140,"RPQNMLLMPHMFFCA77CA"
"中山區","臺北市中山區長安東路二段36巷1~30號","住",1060605,"土地1建物1車位0","四層，陽台","四層","公寓(5樓含以下無電梯)","住家用","加強磚造",570625,53.69,2,1,1,"有","無",10500000,195567,"RPUPMLNJQHMFFCA38CA"
"內湖區","臺北市內湖區成功路四段324巷1弄1~30號","住",1060618,"土地1建物1車位0","四層","五層","公寓(5樓含以下無電梯)","住家用","鋼筋混凝土造",730213,102.69,3,2,2,"有","有",12000000,116857,"RPRQMLLJQHMFFCA97CA"
"松山區","臺北市松山區八德路四段751~780號","商",1060605,"土地1建物1車位0","二層","十層","套房(1房1廳1衛)","住家用","鋼筋混凝土造",900507,54.05,1,1,1,"有","有",9000000,166512,"RPUOMLKKQHMFFDA18CA"
"松山區","臺北市松山區南京東路三段331~360號","其他",1060620,"土地2建物2車位0","八層","十二層","住宅大樓(11層含以上有電梯)","商業用","鋼筋混凝土造",NA,237.02,0,0,0,"無","有",50250000,212007,"RPRNMLNJQHMFFDA97CA"
"松山區","臺北市松山區八德路四段829巷1~30號","商",1060630,"土地1建物1車位0","一層，騎樓","五層","公寓(5樓含以下無電梯)","商業用","鋼筋混凝土造",740730,101.28,1,1,2,"有","無",28000000,276461,"RPWOMLSKQHMFFDA56CA"
"士林區","臺北市士林區忠誠路二段130巷1~30號","住",1060626,"土地1建物1車位0","五層","五層","公寓(5樓含以下無電梯)","住家用","鋼筋混凝土造",741227,172.87,3,2,2,"有","無",12050000,69706,"RPWNMLQLPHMFFEA09DA"
"士林區","臺北市士林區天母東路69巷1~30號","商",1060612,"土地1建物1車位0","二層","七層","華廈(10層含以下有電梯)","住家用","鋼筋混凝土造",701223,157.08,3,2,2,"有","無",10500000,66845,"RPUNMLPLPHMFFEA78DA"
"士林區","臺北市士林區前街61~90號","住",1060615,"土地2建物1車位0","二層","三層","公寓(5樓含以下無電梯)","住家用","鋼筋混凝土造",580714,64.14,3,2,1,"有","無",8850000,137979,"RPTQMLPLPHMFFEA98DA"
"中山區","臺北市中山區雙城街18巷1~30號","商",1060705,"土地1建物1車位0","三層","五層","公寓(5樓含以下無電梯)","住家用","鋼筋混凝土造",610925,63.88,2,1,1,"有","無",10000000,156544,"RPSNMLQKQHMFFCA48DA"
"大安區","臺北市大安區忠孝東路三段217巷6弄1~30號","住",1060701,"土地2建物1車位0","三層","七層","華廈(10層含以下有電梯)","住家用","鋼筋混凝土造",620503,128.05,3,2,2,"有","無",33600000,262398,"RPPNMLKMPHMFFFA97DA"
"大安區","臺北市大安區復興南路一段126巷1~30號","其他",1060712,"土地10建物1車位0","地下層","十二層","住宅大樓(11層含以上有電梯)","商業用","鋼筋混凝土造",701231,16.23,0,0,0,"無","有",904000,55699,"RPOOMLQLPHMFFFA38CA"
"大安區","臺北市大安區復興南路二段111巷1~30號","商",1060527,"土地1建物1車位0","七層","七層","華廈(10層含以下有電梯)","住家用","鋼筋混凝土造",701126,56.4,2,2,1,"有","有",15980000,283333,"RPQOMLQLPHMFFFA58CA"
"中正區","臺北市中正區廈門街34巷1~30號","住",1060628,"土地3建物1車位0","二層，陽台","四層","公寓(5樓含以下無電梯)",NA,"鋼筋混凝土造",NA,116.99,3,2,2,"有","無",17080000,145995,"RPVOMLOLPHMFFAA48DA"
"大安區","臺北市大安區四維路1~30號","住",1060624,"土地1建物1車位0","五層","七層","華廈(10層含以下有電梯)","住家用","鋼筋混凝土造",NA,206.51,4,2,2,"有","無",49000000,237277,"RPSNMLOKQHMFFFA48CA"
"大安區","臺北市大安區復興南路二段90巷1~30號","住",1060702,"土地1建物1車位0","五層","十二層","套房(1房1廳1衛)","住家用","鋼筋混凝土造",970125,45.05,1,1,1,"有","有",13000000,288568,"RPRNMLQKQHMFFFA58CA"
"大安區","臺北市大安區復興南路二段361~390號","住",1060505,"土地1建物3車位0","九層","十二層","住宅大樓(11層含以上有電梯)","住家用","鋼筋混凝土造",NA,321.57,6,3,3,"有","無",67710000,210561,"RPRNMLLKQHMFFFA08CA"
"文山區","臺北市文山區辛亥路五段116巷1~30號","住",1060311,"土地2建物1車位0","四層","五層","公寓(5樓含以下無電梯)","住家用","鋼筋混凝土造",740704,127.13,3,2,2,"有","無",13700000,107764,"RPRNMLKMPHMFFAA67DA"
"萬華區","臺北市萬華區康定路91~120號","商",1060629,"土地1建物1車位0","七層","二十六層","套房(1房1廳1衛)","住家用","見其他登記事項",1050331,58.31,0,1,1,"有","有",10480000,179729,"RPQNMLPJQHMFFBA97DA"
"內湖區","臺北市內湖區康樂街186巷31~60號","住",1060612,"土地2建物1車位0","二層","七層","華廈(10層含以下有電梯)","住家用","鋼筋混凝土造",800530,111.27,3,2,2,"有","有",12300000,110542,"RPPNMLKMPHMFFCA67DA"
"北投區","臺北市北投區永興路一段31~60號","住",1060619,"土地1建物1車位0","二層","五層","公寓(5樓含以下無電梯)","住家用","鋼筋混凝土造",661121,77.57,2,2,1,"有","無",6880000,88694,"RPSNMLNJQHMFFEA18CA"
"士林區","臺北市士林區重慶北路四段241~270號","住",1060627,"土地1建物1車位0","二層","四層","公寓(5樓含以下無電梯)","住家用","加強磚造",590605,82.28,3,2,1,"有","無",8000000,97229,"RPXPMLLJQHMFFEA68CA"
"北投區","臺北市北投區清江路91巷1~30號","住",1060628,"土地1建物1車位0","二層","五層","公寓(5樓含以下無電梯)","住家用","鋼筋混凝土造",831216,76.22,3,2,1,"有","無",9500000,124639,"RPWNMLKKQHMFFEA38CA"
"士林區","臺北市士林區社正路45巷1~30號","住",1060706,"土地1建物1車位0","五層","五層","公寓(5樓含以下無電梯)","住家用","鋼筋混凝土造",690826,115.59,3,2,2,"有","無",12500000,108141,"RPXOMLNLQHMFFEA98CA"
"北投區","臺北市北投區光明路211~240號","商",1060626,"土地1建物1車位0","四層","十層","套房(1房1廳1衛)","住家用","鋼筋混凝土造",661205,59.55,1,1,1,"有","有",6800000,114190,"RPOOMLLJQHMFFEA67CA"
"中山區","臺北市中山區建國北路一段121~150號","住",1060624,"土地1建物1車位0","四層","十三層","套房(1房1廳1衛)","住家用","鋼筋混凝土造",990318,32.46,2,1,1,"有","有",8200000,252619,"RPUQMLRLPHMFFCA09DA"
"文山區","臺北市文山區指南路三段91~120號","住",1060710,"土地1建物1車位0","七層","十一層","套房(1房1廳1衛)","住家用","鋼筋混凝土造",1030513,61.45,1,1,1,"有","有",9730000,158340,"RPSNMLKMPHMFFAA77DA"
"大安區","臺北市大安區和平東路二段91~120號","商",1060621,"土地1建物1車位0","六層","十二層","住宅大樓(11層含以上有電梯)","商業用","鋼筋混凝土造",730616,47.58,3,2,1,"有","有",3000000,63052,"RPPNMLRLPHMFFFA48CA"
"大安區","臺北市大安區四維路198巷38弄1~30號","住",1060707,"土地1建物1車位0","十九層","十九層","住宅大樓(11層含以上有電梯)","住家用","鋼筋混凝土造",740522,101.59,3,2,1,"有","有",20060000,197460,"RPRNMLRLPHMFFFA68CA"
"大安區","臺北市大安區羅斯福路二段61~90號","商",1060618,"土地1建物1車位0","九層","十二層","辦公商業大樓","住家用","鋼筋混凝土造",780930,45.87,0,1,1,"有","有",10500000,228908,"RPQPMLRLPHMFFFA78CA"
"北投區","臺北市北投區崗山路11巷1~30號","住",1060604,"土地4建物1車位0","四層","五層","公寓(5樓含以下無電梯)","住家用","鋼筋混凝土造",730814,106.81,3,2,2,"有","無",9900000,92688,"RPSPMLRLPHMFFEA98DA"
"士林區","臺北市士林區德行東路190巷31弄1~30號","住",1060530,"土地1建物1車位0","三層","五層","公寓(5樓含以下無電梯)","住家用","鋼筋混凝土造",720223,110.83,3,2,2,"有","無",17000000,153388,"RPSNMLTLPHMFFEA98DA"
"北投區","臺北市北投區公?路301~330號","住",1060522,"土地7建物1車位0","四層","五層","公寓(5樓含以下無電梯)","住家用","鋼筋混凝土造",820108,106.32,3,2,2,"有","無",11000000,103461,"RPWPMLLJQHMFFEA68DA"
"大安區","臺北市大安區信義路四段211~240號","商",1060424,"土地2建物1車位0","八層","十四層","套房(1房1廳1衛)","商業用","鋼筋混凝土造",700123,67.88,1,1,1,"有","有",16800000,247496,"RPPNMLMJQHMFFFA97DA"
"中山區","臺北市中山區民生東路二段127巷1~30號","商",1060605,"土地1建物1車位0","三層","七層","套房(1房1廳1衛)","住家用","鋼筋混凝土造",651206,58.85,1,1,1,"有","有",11600000,197111,"RPWOMLOJQHMFFCA68DA"
"松山區","臺北市松山區寶清街61~90號","商",1060625,"土地2建物1車位0","三層","四層","公寓(5樓含以下無電梯)","住家用","鋼筋混凝土造",610820,96.88,6,1,2,"有","無",12100000,124897,"RPWOMLLMPHMFFDA68DA"
"南港區","臺北市南港區福德街310巷1~30號","住",1060625,"土地1建物1車位0","二層","四層","公寓(5樓含以下無電梯)","住家用","鋼筋混凝土造",NA,67.92,2,2,1,"有","無",9400000,138398,"RPSOMLLMPHMFFDA28DA"
"松山區","臺北市松山區民生東路五段151~180號","商",1060611,"土地1建物1車位0","一層","十五層","套房(1房1廳1衛)","商業用","鋼筋混凝土造",720129,51.52,1,1,1,"有","有",16500000,320264,"RPTOMLLMPHMFFDA38DA"
"信義區","臺北市信義區富陽街71巷31~60號","住",1060507,"土地1建物1車位0","二層","六層","華廈(10層含以下有電梯)","住家用","鋼筋混凝土造",781020,142.6,3,1,2,"有","有",23300000,163394,"RPVOMLQLPHMFFDA88CA"
"信義區","臺北市信義區莊敬路289巷8弄1~30號","住",1060705,"土地1建物1車位0","四層","五層","公寓(5樓含以下無電梯)","住家用","鋼筋混凝土造",NA,146.02,3,2,2,"有","無",29580000,202575,"RPXOMLQLPHMFFDA09CA"
"南港區","臺北市南港區興中路28巷1~30號","商",1060703,"土地1建物1車位0","六層","二十五層","住宅大樓(11層含以上有電梯)","住家用","鋼筋混凝土造",1011001,81.98,2,1,1,"有","有",16450000,200659,"RPQNMLLMPHMFFDA87CA"
"南港區","臺北市南港區研究院路二段182巷58弄1~30號","住",1060626,"土地1建物1車位0","三層","五層","公寓(5樓含以下無電梯)","住家用","鋼筋混凝土造",NA,106.43,3,2,2,"有","有",9900000,93019,"RPQPMLPLPHMFFDA38CA"
"南港區","臺北市南港區成福路151~180號","住",1060623,"土地2建物1車位0","六層","六層","套房(1房1廳1衛)","住家用","鋼筋混凝土造",840627,56.9,1,1,1,"有","有",8200000,144112,"RPQOMLQKQHMFFDA38CA"
"內湖區","臺北市內湖區新富街61~90號","住",1060426,"土地1建物1車位0","十一層","十四層","住宅大樓(11層含以上有電梯)","住家用","鋼筋混凝土造",1031020,281.27,3,2,3,"有","有",69800000,248160,"RPOOMLLJQHMFFCA47CA"
"中山區","臺北市中山區雙城街3巷1~30號","商",1060626,"土地1建物1車位0","十二層","十五層","套房(1房1廳1衛)","住家用","鋼筋混凝土造",841201,38.62,1,1,1,"有","有",7280000,188503,"RPTNMLSLPHMFFCA68CA"
"內湖區","臺北市內湖區港華街85巷1~30號","住",1060611,"土地1建物1車位0","五層","五層","公寓(5樓含以下無電梯)","住家用","鋼筋混凝土造",720611,116.96,3,2,2,"有","無",12380000,105848,"RPUOMLSLPHMFFCA88CA"
"中山區","臺北市中山區德惠街1~30號","商",1060613,"土地1建物1車位0","六層","十層","套房(1房1廳1衛)","商業用","鋼筋混凝土造",710419,38.24,1,1,1,"有","有",2450000,64069,"RPQPMLSLPHMFFCA58CA"
"中山區","臺北市中山區天祥路1~30號","住",1060605,"土地2建物1車位0","地下層","七層","華廈(10層含以下有電梯)","商業用","鋼筋混凝土造",791027,109.55,1,0,1,"有","無",9300000,84893,"RPTOMLRJQHMFFCA58CA"
"中山區","臺北市中山區新生北路二段61~90號","商",1060628,"土地1建物1車位0","十二層","十二層","套房(1房1廳1衛)","商業用","鋼筋混凝土造",861115,30.82,1,1,1,"有","有",5500000,178456,"RPSSMLQKQHMFFCA88CA"
"萬華區","臺北市萬華區西寧南路301~330號","商",1060612,"土地1建物1車位0","八層","十三層","套房(1房1廳1衛)","住家用","鋼筋混凝土造",1050701,40.3,1,1,1,"有","有",7890000,195782,"RPXNMLQLPHMFFBA78CA"
"中正區","臺北市中正區寧波東街9巷1~30號","住",1060623,"土地1建物1車位0","七層","七層","套房(1房1廳1衛)","住家用","鋼筋混凝土造",781127,41.1,1,1,1,"有","無",9500000,231144,"RPPNMLQLPHMFFAA87CA"
"文山區","臺北市文山區秀明路二段92巷1~30號","住",1060611,"土地1建物1車位0","三層","五層","公寓(5樓含以下無電梯)","住家用","鋼筋混凝土造",701231,102.83,3,2,2,"有","無",13000000,126422,"RPROMLRLPHMFFAA28CA"
"文山區","臺北市文山區福興路78巷1~30號","商",1060529,"土地1建物1車位0","四層","四層","公寓(5樓含以下無電梯)",NA,"鋼筋混凝土造",NA,101.67,2,2,2,"有","無",12080000,118816,"RPOPMLQLPHMFFAA97CA"
"中正區","臺北市中正區杭州南路一段91~120號","商",1060717,"土地2建物1車位0","一層，騎樓","十層","店面(店鋪)","商業用","鋼筋混凝土造",NA,8.55,0,0,0,"無","有",732900,85719,"RPRNMLSJQHMFFBA28CA"
"中正區","臺北市中正區中華路一段95巷1~30號","商",1060701,"土地1建物1車位0","九層","二十五層","住宅大樓(11層含以上有電梯)","住家用","見其他登記事項",1050622,250.32,0,0,0,"無","無",67390000,269215,"RPUNMLOJQHMFFBA18CA"
"中山區","臺北市中山區建國北路二段3巷1~30號","住",1060524,"土地1建物1車位0","六層","九層","辦公商業大樓","商業用","鋼筋混凝土造",811217,115.85,3,1,0,"有","有",22910000,197756,"RPQQMLPLPHMFFCA38CA"
"內湖區","臺北市內湖區南京東路六段451巷31~60號","其他",1060622,"土地1建物1車位0","三層","十四層","辦公商業大樓","商業用","鋼筋混凝土造",971205,84.62,1,2,1,"有","有",15100000,178445,"RPTQMLPLPHMFFCA68CA"
"中山區","臺北市中山區雙城街49巷1~30號","商",1060713,"土地1建物1車位0","二層","四層","公寓(5樓含以下無電梯)",NA,"鋼筋混凝土造",620904,95.93,4,2,2,"有","無",12500000,130303,"RPXOMLQLPHMFFCA98CA"
"中山區","臺北市中山區南京東路二段21巷31~60號","住",1060628,"土地1建物1車位0","三層","四層","公寓(5樓含以下無電梯)",NA,"加強磚造",NA,79.89,3,1,1,"有","無",8000000,100138,"RPRNMLQLPHMFFCA28CA"
"中山區","臺北市中山區建國北路二段31~60號","住",1060626,"土地5建物1車位0","十二層","十五層","套房(1房1廳1衛)","住家用","鋼筋混凝土造",770524,40.25,1,1,1,"有","有",6450000,160248,"RPWPMLRLPHMFFCA09CA"
"大同區","臺北市大同區重慶北路三段223巷1~30號","住",1060624,"土地1建物1車位0","三層","四層","公寓(5樓含以下無電梯)","住家用","加強磚造",NA,74.58,3,1,1,"有","無",5000000,67042,"RPRNMLOJQHMFFBA87CA"
"大同區","臺北市大同區延平北路三段91~120號","住",1060624,"土地1建物1車位0","六層","七層","華廈(10層含以下有電梯)","住家用","鋼筋混凝土造",700112,90.88,2,2,2,"有","有",11180000,123019,"RPPNMLRJQHMFFBA97CA"
"大同區","臺北市大同區承德路三段198巷1~30號","商",1060630,"土地5建物1車位0","二層","五層","公寓(5樓含以下無電梯)","住家用","鋼筋混凝土造",690724,96.92,3,2,1,"有","無",11727320,121000,"RPPNMLKMPHMFFBA47CA"
"文山區","臺北市文山區興隆路一段61~90號","住",1060626,"土地1建物1車位0","二層，陽台","四層","公寓(5樓含以下無電梯)","住家用","鋼筋混凝土造",600811,72.73,3,2,1,"有","無",11680000,160594,"RPPPMLQLPHMFFAA08CA"
"文山區","臺北市文山區久康街24巷1~30號","住",1060703,"土地1建物1車位0","五層","八層","套房(1房1廳1衛)","住家用","鋼筋混凝土造",960427,23.64,1,1,1,"有","無",2600000,109983,"RPXNMLRLPHMFFAA78CA"
"文山區","臺北市文山區辛亥路四段77巷92弄1~30號","住",1060712,"土地3建物1車位0",NA,NA,"住宅大樓(11層含以上有電梯)",NA,NA,NA,36.26,0,0,0,"有","無",1700000,46884,"RPXNMLSLPHMFFAA88CA"
"文山區","臺北市文山區指南路一段96巷1~30號","住",1060627,"土地1建物1車位0","二層","七層","華廈(10層含以下有電梯)","住家用","鋼筋混凝土造",1010509,74.2,2,1,2,"有","有",10200000,137466,"RPXOMLQLPHMFFAA78CA"
"中正區","臺北市中正區羅斯福路二段181~210號","商",1060630,"土地1建物1車位0","一層，騎樓","十二層","店面(店鋪)","商業用","鋼筋混凝土造",770112,17.12,0,0,0,"無","有",7890000,460864,"RPWNMLPKQHMFFAA48CA"
"文山區","臺北市文山區木柵路二段109巷25弄61~90號","住",1060618,"土地1建物1車位0","三層","四層","公寓(5樓含以下無電梯)","住家用","鋼筋混凝土造",711220,88.1,3,2,1,"有","有",9800000,111237,"RPVNMLTJQHMFFAA68CA"
"中山區","臺北市中山區松江路313巷1~30號","住",1060518,"土地1建物1車位0","五層","七層","華廈(10層含以下有電梯)","住家用","鋼筋混凝土造",700409,122.42,2,2,2,"有","無",25500000,208299,"RPXNMLTJQHMFFCA09CA"
"中山區","臺北市中山區林森北路301~330號","商",1060707,"土地1建物1車位0","十三層","十五層","套房(1房1廳1衛)","住家用","見其他登記事項",990409,34.5,0,0,0,"無","有",7250000,210145,"RPVPMLLMPHMFFCA48CA"
"內湖區","臺北市內湖區民權東路六段123巷20弄1~30號","商",1060603,"土地1建物1車位0","一層，騎樓","十三層","店面(店鋪)","商業用","鋼筋混凝土造",941025,38.2,0,0,0,"無","有",12800000,335079,"RPORMLNJQHMFFCA97CA"
"中山區","臺北市中山區雙城街43巷1~30號","商",1060612,"土地2建物1車位0","三層","七層","華廈(10層含以下有電梯)","商業用","鋼筋混凝土造",680419,21.73,0,0,1,"無","有",3050000,140359,"RPSNMLNJQHMFFCA97CA"
"松山區","臺北市松山區敦化北路155巷66弄31~60號","住",1060626,"土地2建物1車位0","四層","六層","華廈(10層含以下有電梯)","住家用","鋼筋混凝土造",701119,84.05,2,2,1,"有","有",18000000,214158,"RPTNMLMJQHMFFDA08CA"
"松山區","臺北市松山區民生東路五段36巷8弄1~30號","住",1060701,"土地1建物1車位0","二層","七層","華廈(10層含以下有電梯)","住家用","鋼筋混凝土造",700422,121.31,3,2,2,"有","有",22150000,182590,"RPUNMLMJQHMFFDA18CA"
"松山區","臺北市松山區南京東路五段291巷19弄1~30號","住",1060623,"土地1建物1車位0","六層","七層","華廈(10層含以下有電梯)","住家用","鋼筋混凝土造",730517,111.32,3,2,1,"有","無",21680000,194754,"RPRNMLOJQHMFFDA08CA"
"信義區","臺北市信義區忠孝東路五段165巷3弄1~30號","商",1060611,"土地2建物1車位0","三層，陽台","四層","公寓(5樓含以下無電梯)","住家用","鋼筋混凝土造",NA,90.18,3,2,1,"有","無",19000000,210690,"RPOPMLSLPHMFFDA48CA"
"松山區","臺北市松山區撫遠街361~390號","住",1060716,"土地1建物1車位0","二層，陽台","四層","公寓(5樓含以下無電梯)","住家用","鋼筋混凝土造",NA,86.79,3,2,2,"有","無",11800000,135960,"RPQOMLSLPHMFFDA58CA"
"信義區","臺北市信義區虎林街40巷31~60號","住",1060707,"土地1建物1車位0","二層","五層","公寓(5樓含以下無電梯)","住家用","鋼筋混凝土造",740517,105.84,3,1,1,"有","無",17300000,163454,"RPWOMLKKQHMFFDA48DA"
"中山區","臺北市中山區林森北路481~510號","商",1060704,"土地1建物1車位0","八層","十四層","套房(1房1廳1衛)","住家用","鋼筋混凝土造",920122,42.92,2,1,1,"有","有",8300000,193383,"RPUOMLMJQHMFFCA28DA"
"中山區","臺北市中山區長安東路二段151~180號","商",1060626,"土地1建物1車位0","七層","十二層","住宅大樓(11層含以上有電梯)","商業用","鋼筋混凝土造",771026,86.82,3,2,2,"有","有",10400000,119788,"RPQSMLMJQHMFFCA28DA"
"大安區","臺北市大安區復興南路二段151巷30弄1~30號","住",1060624,"土地1建物1車位0","十三層","十九層","住宅大樓(11層含以上有電梯)","住家用","鋼筋混凝土造",740522,102.45,3,2,1,"有","有",21350000,208394,"RPPNMLLJQHMFFFA87DA"
"大安區","臺北市大安區四維路170巷31~60號","住",1060626,"土地1建物1車位0","七層","八層","華廈(10層含以下有電梯)","住家用","鋼筋混凝土造",980115,40.72,2,1,1,"有","有",12100000,297151,"RPTNMLSLPHMFFFA09DA"
"大安區","臺北市大安區信義路三段134巷61~90號","住",1060525,"土地2建物1車位0","七層","七層","華廈(10層含以下有電梯)","住家用","鋼筋混凝土造",750515,131.06,3,2,2,"有","有",26000000,198382,"RPROMLQLPHMFFFA68CA"
"大安區","臺北市大安區師大路68巷1~30號","住",1060611,"土地2建物1車位0","四層","五層","公寓(5樓含以下無電梯)",NA,"鋼筋混凝土造",NA,89.02,2,2,2,"有","無",19500000,219052,"RPROMLRLPHMFFFA78CA"
"大安區","臺北市大安區通化街98巷1~30號","商",1060608,"土地1建物1車位0","全","三層","透天厝","住家用","鋼筋混凝土造",760507,118.08,4,2,3,"有","無",22000000,186314,"RPSOMLRLPHMFFFA88CA"
"大安區","臺北市大安區信義路三段134巷31~60號","住",1060613,"土地1建物1車位0","九層","十四層","住宅大樓(11層含以上有電梯)","住家用","鋼筋混凝土造",750415,108.05,3,2,2,"有","有",21000000,194354,"RPWOMLRLPHMFFFA66CA"
"大安區","臺北市大安區基隆路三段1~30號","住",1060626,"土地1建物1車位0","四層","五層","公寓(5樓含以下無電梯)","住家用","鋼筋混凝土造",NA,113.49,3,2,1,"有","無",20580000,181338,"RPOPMLRLPHMFFFA58CA"
"大安區","臺北市大安區延吉街131巷1~30號","住",1060522,"土地1建物1車位0","平台，一層","六層","店面(店鋪)","住家用","鋼筋混凝土造",NA,135.93,0,0,0,"無","有",65000000,478187,"RPQRMLOLQHMFFFA78CA"
"大同區","臺北市大同區安西街151~180號","其他",1060629,"土地1建物1車位0","三層，電梯樓梯間","六層","華廈(10層含以下有電梯)","商業用","鋼筋混凝土造",841120,81.69,1,1,1,"有","無",4000000,48966,"RPSNMLLMPHMFFBA97DA"
"文山區","臺北市文山區羅斯福路六段391~420號","商",1060529,"土地1建物1車位0","六層","十二層","套房(1房1廳1衛)","住家用","鋼筋混凝土造",971029,48.57,1,1,1,"有","有",9250000,190447,"RPPNMLPJQHMFFAA77DA"
"中山區","臺北市中山區林森北路481~510號","商",1060616,"土地1建物1車位0","九層","十四層","套房(1房1廳1衛)","住家用","鋼筋混凝土造",920122,42.92,1,2,1,"有","有",7800000,181733,"RPTNMLTLPHMFFCA88DA"
"內湖區","臺北市內湖區民權東路六段121~150號","商",1060610,"土地1建物1車位0","九層","十二層","住宅大樓(11層含以上有電梯)","住家用","鋼筋混凝土造",960621,44.7,2,1,1,"有","有",8880000,198658,"RPQQMLQLPHMFFCA58DA"
"士林區","臺北市士林區力行街1~30號","住",1060417,"土地1建物1車位0","三層，四層","四層","公寓(5樓含以下無電梯)","住家用","鋼筋混凝土造",851101,254.15,4,3,2,"有","無",20000000,78694,"RPPPMLLJQHMFFEA87CA"
"北投區","臺北市北投區實踐街61~90號","住",1060712,"土地2建物1車位0","三層","四層","公寓(5樓含以下無電梯)","住家用","鋼筋混凝土造",590530,56.66,3,2,2,"有","無",5000000,88246,"RPSNMLLJQHMFFEA97CA"
"北投區","臺北市北投區光明路241~270號","商",1060617,"土地1建物1車位0","九層","十九層","套房(1房1廳1衛)","住家用","鋼筋混凝土造",980818,52.95,1,1,1,"有","有",8000000,151086,"RPVQMLQLPHMFFEA56CA"
"北投區","臺北市北投區建民路125巷1~30號","住",1060705,"土地1建物1車位0","一層","七層","套房(1房1廳1衛)","住家用","鋼筋混凝土造",1050602,43,1,1,1,"有","有",10000000,232558,"RPXNMLLKQHMFFEA58CA"
"北投區","臺北市北投區泉源路31~60號","住",1060710,"土地1建物1車位0","二層","十層","華廈(10層含以下有電梯)","住家用","鋼筋混凝土造",870105,48.14,2,1,1,"有","有",5880000,122144,"RPSNMLSKQHMFFEA78CA"
"北投區","臺北市北投區自強街61~90號","住",1060712,"土地1建物1車位0","六層","九層","華廈(10層含以下有電梯)","住家用","鋼筋混凝土造",1050715,67.11,2,1,1,"有","無",13280000,197884,"RPXPMLRLPHMFFEA76CA"
"中山區","臺北市中山區松江路184巷26弄1~30號","住",1060617,"土地2建物1車位0","六層","九層","華廈(10層含以下有電梯)","住家用","鋼筋混凝土造",971202,53.89,2,1,1,"有","有",12800000,237521,"RPVNMLTLPHMFFCA09DA"
"中山區","臺北市中山區四平街91~120號","住",1060627,"土地1建物1車位0","六層","十層","套房(1房1廳1衛)","住家用","鋼筋混凝土造",900827,41.91,1,1,1,"有","有",8500000,202816,"RPRNMLTLPHMFFCA68DA"
"中正區","臺北市中正區仁愛路一段1~30號","住",1060717,"土地2建物1車位0","六層","十二層","住宅大樓(11層含以上有電梯)","住家用","鋼筋混凝土造",NA,49.4,2,1,1,"有","有",13380000,270850,"RPPQMLOJQHMFFBA08DA"
"文山區","臺北市文山區興隆路三段185巷11弄1~30號","住",1060617,"土地7建物1車位0","五層","五層","公寓(5樓含以下無電梯)","住家用","鋼筋混凝土造",720823,110.79,3,2,1,"有","無",12600000,113729,"RPWOMLRJQHMFFAA78DA"
"大安區","臺北市大安區復興南路一段271~300號","其他",1060419,"土地8建物1車位0","六層","十二層","住宅大樓(11層含以上有電梯)","商業用","鋼筋混凝土造",NA,86.86,2,1,1,"有","有",8200000,94405,"RPWNMLRKQHMFFFA56CA"
"中正區","臺北市中正區開封街一段31~60號","商",1060619,"土地1建物1車位0","三層","十四層","套房(1房1廳1衛)","住家用","鋼筋混凝土造",961025,48.62,1,1,1,"有","有",10500000,215961,"RPSOMLLMPHMFFBA08DA"
"大安區","臺北市大安區羅斯福路三段31~60號","商",1060521,"土地2建物1車位0","十一層","二十五層","住宅大樓(11層含以上有電梯)","住家用","鋼骨鋼筋混凝土造",1050721,93.33,3,1,2,"有","有",31100000,333226,"RPPNMLSJQHMFFFA48CA"
"大安區","臺北市大安區建國南路一段331~360號","住",1060712,"土地1建物1車位0","十一層","十四層","住宅大樓(11層含以上有電梯)","住家用","鋼筋混凝土造",750520,8.63,2,2,2,"有","有",2000000,231481,"RPOOMLNLQHMFFFA18CA"
"大安區","臺北市大安區信義路三段91~120號","商",1060628,"土地1建物1車位0","六層，電梯樓梯間","十三層","住宅大樓(11層含以上有電梯)","商業用","鋼筋混凝土造",840626,78.27,2,1,1,"有","有",24750000,316213,"RPQNMLSLPHMFFFA68CA"
"大安區","臺北市大安區大安路二段61~90號","住",1060317,"土地1建物1車位0","四層","十二層","住宅大樓(11層含以上有電梯)","住家用","鋼筋混凝土造",981113,41.88,2,1,1,"有","有",12380000,295606,"RPUNMLSLPHMFFFA09CA"
"北投區","臺北市北投區石牌路二段315巷1~30號","住",1060424,"土地4建物1車位0","一層","六層","華廈(10層含以下有電梯)","住家用","鋼筋混凝土造",830912,57.99,2,1,1,"有","有",10200000,175892,"RPQPMLRJQHMFFEA68DA"
"士林區","臺北市士林區承德路四段271~300號","住",1060702,"土地1建物1車位0","二層","十二層","住宅大樓(11層含以上有電梯)","住家用","鋼筋混凝土造",770715,133.69,3,2,2,"有","有",23260000,173985,"RPRNMLTLPHMFFEA88DA"
"大安區","臺北市大安區和平東路二段118巷4弄1~30號","住",1060628,"土地1建物1車位0","三層","五層","公寓(5樓含以下無電梯)","住家用","鋼筋混凝土造",NA,100.41,3,2,2,"有","無",22200000,221094,"RPTUMLLMPHMFFFA56DA"
"大安區","臺北市大安區和平東路二段18巷3弄1~30號","住",1060610,"土地2建物1車位0","三層","五層","華廈(10層含以下有電梯)","住家用","鋼筋混凝土造",740506,158.27,4,2,2,"有","無",35300000,223037,"RPOPMLMJQHMFFFA08DA"
"中山區","臺北市中山區民生東路二段147巷1~30號","住",1060625,"土地1建物1車位0","六層","七層","華廈(10層含以下有電梯)","住家用","鋼筋混凝土造",731017,150.87,4,2,2,"有","有",32000000,212103,"RPPNMLPJQHMFFCA97DA"
"南港區","臺北市南港區福德街339巷31~60號","住",1060516,"土地1建物1車位0","三層，陽台","四層","公寓(5樓含以下無電梯)","住家用","鋼筋混凝土造",641203,63.09,3,1,1,"有","無",9280000,147091,"RPUOMLLMPHMFFDA48DA"
"信義區","臺北市信義區中坡北路1~30號","住",1060717,"土地1建物1車位0","九層","十二層","住宅大樓(11層含以上有電梯)","住家用","鋼筋混凝土造",730712,6.51,3,1,2,"有","無",500000,76805,"RPPNMLLMPHMFFDA87DA"
"松山區","臺北市松山區新東街45巷1~30號","其他",1060121,"土地1建物1車位0","二層，陽台","四層","公寓(5樓含以下無電梯)","住家用","鋼筋混凝土造",600901,74.09,2,2,1,"有","無",10500000,141720,"RPRPMLLMPHMFFDA28DA"
"信義區","臺北市信義區中坡南路181~210號","住",1060618,"土地1建物1車位0","三層","五層","公寓(5樓含以下無電梯)","住家用","鋼筋混凝土造",NA,114.97,4,2,2,"有","無",15380000,133774,"RPXPMLLMPHMFFDA88DA"
"信義區","臺北市信義區和平東路三段391巷20弄1~30號","住",1060701,"土地1建物1車位0","二層","五層","公寓(5樓含以下無電梯)","住家用","鋼筋混凝土造",NA,83.4,2,2,1,"有","無",12880000,154436,"RPSNMLSLPHMFFDA68CA"
"松山區","臺北市松山區撫遠街255巷1~30號","住",1060509,"土地1建物1車位0","陽台，四層","四層","公寓(5樓含以下無電梯)","住家用","鋼筋混凝土造",640114,104.04,4,3,2,"有","無",19800000,190311,"RPVNMLRLPHMFFDA88CA"
"松山區","臺北市松山區民生東路三段113巷25弄31~60號","住",1060630,"土地1建物1車位0","二層","七層","華廈(10層含以下有電梯)","住家用","鋼筋混凝土造",720426,103.23,3,2,2,"有","有",21500000,208273,"RPQPMLKKQHMFFDA87CA"
"信義區","臺北市信義區光復南路481~510號","商",1060612,"土地1建物1車位0","二十層","二十層","套房(1房1廳1衛)","商業用","鋼骨混凝土造",850320,34.75,1,0,1,"有","有",6500000,187050,"RPQNMLKKQHMFFDA67CA"
"松山區","臺北市松山區塔悠路61~90號","商",1060704,"土地2建物1車位0","八層","十二層","住宅大樓(11層含以上有電梯)","住家用","鋼筋混凝土造",840314,58.62,2,1,1,"有","有",9200000,156943,"RPTNMLMLQHMFFDA28CA"
"松山區","臺北市松山區三民路166巷1~30號","住",1060614,"土地1建物1車位0","陽台，五層","五層","公寓(5樓含以下無電梯)","住家用","鋼筋混凝土造",660108,118.31,3,2,2,"有","無",8000000,67619,"RPUPMLOLQHMFFDA78CA"
"中山區","臺北市中山區民生東路一段1~30號","商",1060629,"土地1建物1車位0","九層","十二層","套房(1房1廳1衛)","住家用","鋼筋混凝土造",690815,44.7,1,1,1,"有","有",4800000,107383,"RPXPMLNJQHMFFCA68CA"
"內湖區","臺北市內湖區大湖山莊街219巷34弄1~30號","住",1060717,"土地1建物1車位0","地下一層","六層","套房(1房1廳1衛)","商業用","鋼筋混凝土造",810717,39.46,0,1,1,"有","有",3150000,79828,"RPQNMLLJQHMFFCA57CA"
"中山區","臺北市中山區建國北路三段61~90號","住",1060620,"土地2建物1車位0","七層","十四層","住宅大樓(11層含以上有電梯)","住家用","鋼筋混凝土造",1041016,74.94,0,0,0,"無","有",19910000,265679,"RPXOMLOKQHMFFCA78CA"
"中山區","臺北市中山區農安街1~30號","商",1060713,"土地1建物1車位0","八層","十四層","住宅大樓(11層含以上有電梯)","商業用","鋼筋混凝土造",980622,48.97,1,0,1,"有","有",9500000,193996,"RPQNMLOKQHMFFCA97CA"
"文山區","臺北市文山區恆光街1~30號","住",1060626,"土地1建物1車位0","四層","四層","公寓(5樓含以下無電梯)","住家用","鋼筋混凝土造",NA,74.11,2,2,1,"有","無",9200000,124140,"RPTOMLSJQHMFFAA48CA"
"萬華區","臺北市萬華區成都路121~150號","商",1060611,"土地10建物2車位0","八層","十一層","住宅大樓(11層含以上有電梯)","住家用","鋼筋混凝土造",701228,59.77,2,1,1,"有","有",9000000,150577,"RPTNMLSLPHMFFBA58CA"
"萬華區","臺北市萬華區康定路31~60號","商",1060625,"土地1建物1車位0","十一層","十三層","住宅大樓(11層含以上有電梯)","住家用","鋼筋混凝土造",840328,87.77,2,2,1,"有","有",13200000,150393,"RPPNMLSLPHMFFBA18CA"
"文山區","臺北市文山區辛亥路四段77巷31~60號","住",1060617,"土地1建物1車位0","四層","十層","華廈(10層含以下有電梯)","住家用","鋼筋混凝土造",831101,81.92,2,1,1,"有","有",12560000,153320,"RPSOMLRLPHMFFAA38CA"
"萬華區","臺北市萬華區西寧南路271~300號","商",1030521,"土地1建物1車位0","九層","十三層","住宅大樓(11層含以上有電梯)","住家用","鋼筋混凝土造",1060113,57.54,0,0,0,"無","無",13400000,232881,"RPPOMLOKQHMFFBA87CA"
"萬華區","臺北市萬華區長泰街59巷1~30號","住",1060703,"土地2建物1車位0","四層","四層","公寓(5樓含以下無電梯)","住家用","鋼筋混凝土造",660308,59.46,2,2,1,"有","無",8050000,135385,"RPOPMLKKQHMFFBA47CA"
"萬華區","臺北市萬華區昆明街31~60號","商",1060425,"土地1建物1車位0","五層","八層","套房(1房1廳1衛)","住家用","鋼筋混凝土造",761221,31.26,1,1,1,"有","有",5250000,167946,"RPQOMLSLPHMFFBA38CA"
"中正區","臺北市中正區銅山街1~30號","住",1060611,"土地1建物1車位0","六層","七層","華廈(10層含以下有電梯)","住家用","鋼筋混凝土造",630813,167.02,4,2,2,"有","無",41500000,248473,"RPTNMLLMPHMFFBA97CA"
"大同區","臺北市大同區伊寧街61~90號","住",1060710,"土地1建物1車位0","一層，騎樓","二層","公寓(5樓含以下無電梯)","住家用","加強磚造",601115,16.69,3,2,2,"有","無",1700000,101857,"RPPOMLLJQHMFFBA47CA"
"中山區","臺北市中山區中山北路一段83巷1~30號","商",1060710,"土地1建物1車位0","四層","五層","套房(1房1廳1衛)","住家用","鋼筋混凝土造",740129,39,1,0,1,"有","無",6200000,158974,"RPXPMLRLPHMFFCA56CA"
"內湖區","臺北市內湖區文德路66巷32弄1~30號","住",1060604,"土地1建物1車位0","三層","七層","華廈(10層含以下有電梯)","住家用","鋼筋混凝土造",730204,128.62,3,2,1,"有","無",19460000,151298,"RPOQMLRLPHMFFCA38CA"
"內湖區","臺北市內湖區江南街71巷65弄1~30號","住",1060625,"土地1建物1車位0","二層","七層","華廈(10層含以下有電梯)","住家用","鋼筋混凝土造",730131,104.25,3,2,1,"有","有",14550000,139568,"RPPQMLRLPHMFFCA48CA"
"大同區","臺北市大同區民族西路282巷1~30號","住",1060710,"土地1建物1車位0","二層，三層","三層","公寓(5樓含以下無電梯)","住家用","加強磚造",NA,143.04,2,2,2,"有","無",18000000,125839,"RPPNMLLMPHMFFBA57CA"
"萬華區","臺北市萬華區環河南路二段151~180號","住",1060714,"土地1建物1車位0","一層，騎樓，夾層","四層","公寓(5樓含以下無電梯)","住家用","鋼筋混凝土造",610715,185.15,0,0,0,"無","無",22500000,121523,"RPQNMLLMPHMFFBA67CA"
"大同區","臺北市大同區雙連街39巷1~30號","商",1060529,"土地2建物1車位0","四層","五層","公寓(5樓含以下無電梯)","商業用","鋼筋混凝土造",710520,94.32,3,2,1,"有","無",16500000,174936,"RPSOMLSLPHMFFBA58CA"
"萬華區","臺北市萬華區萬大路424巷151~180號","住",1060628,"土地1建物1車位0","四層","四層","公寓(5樓含以下無電梯)","住家用","加強磚造",NA,74.06,2,1,1,"有","無",6940000,93708,"RPPNMLNLQHMFFBA77CA"
"中正區","臺北市中正區仁愛路二段61~90號","住",1060622,"土地2建物1車位0","八層","二十一層","住宅大樓(11層含以上有電梯)","住家用","見其他登記事項",791105,260.14,4,2,3,"有","有",69800000,268317,"RPOOMLLKQHMFFBA47CA"
"大同區","臺北市大同區重慶北路二段114巷1~30號","商",1060612,"土地2建物1車位0","五層","五層","公寓(5樓含以下無電梯)","住家用","鋼筋混凝土造",700718,28.46,2,1,1,"有","無",2110000,74139,"RPPOMLPKQHMFFBA97CA"
"文山區","臺北市文山區羅斯福路六段159巷1弄1~30號","商",1060627,"土地1建物1車位0","七層","十二層","住宅大樓(11層含以上有電梯)","住家用","鋼筋混凝土造",820813,108.25,3,2,2,"有","有",18000000,166282,"RPRNMLNJQHMFFAA67CA"
"文山區","臺北市文山區福興路63巷1~30號","住",1060628,"土地2建物1車位0","一層","五層","公寓(5樓含以下無電梯)","住家用","鋼筋混凝土造",830530,105.27,3,2,1,"有","無",14300000,135841,"RPROMLPKQHMFFAA08CA"
"文山區","臺北市文山區景美街5巷1~30號","住",1060525,"土地1建物1車位0","三層，陽台","四層","公寓(5樓含以下無電梯)",NA,"鋼筋混凝土造",611026,47.26,2,1,1,"有","無",6500000,137537,"RPQOMLSJQHMFFAA18CA"
"內湖區","臺北市內湖區文湖街21巷94弄1~30號","住",1060522,"土地1建物1車位0","一層，地下一層","五層","公寓(5樓含以下無電梯)","住家用","鋼筋混凝土造",830826,210.19,5,2,3,"有","有",25000000,118940,"RPSSMLSKQHMFFCA09CA"
"內湖區","臺北市內湖區民權東路六段90巷15弄1~30號","住",1060623,"土地1建物1車位0","四層","五層","公寓(5樓含以下無電梯)","住家用","鋼筋混凝土造",730130,103.56,3,2,2,"有","無",13000000,125531,"RPTSMLQKQHMFFCA98CA"
"中山區","臺北市中山區天祥路61~90號","商",1060626,"土地1建物1車位0","四層","十四層","住宅大樓(11層含以上有電梯)","住家用","鋼筋混凝土造",931203,49.82,2,1,1,"有","有",11200000,224809,"RPUOMLSJQHMFFCA78CA"
"中山區","臺北市中山區雙城街3巷1~30號","商",1060714,"土地1建物1車位0","地下一層","十五層","辦公商業大樓","商業用","鋼筋混凝土造",841201,20.92,0,0,0,"無","有",1095090,52347,"RPVPMLTJQHMFFCA09CA"
"中山區","臺北市中山區林森北路421~450號","商",1060720,"土地1建物1車位0","九層","十二層","套房(1房1廳1衛)","住家用","鋼筋混凝土造",730307,34.82,1,1,1,"有","有",5260000,151063,"RPTPMLSLPHMFFCA88CA"
"內湖區","臺北市內湖區金龍路213巷1弄1~30號","住",1060630,"土地2建物1車位0","五層","五層","公寓(5樓含以下無電梯)","住家用","鋼筋混凝土造",700831,102.44,2,2,2,"有","無",13500000,131784,"RPUPMLSLPHMFFCA98CA"
"中山區","臺北市中山區中山北路二段151~180號","商",1060707,"土地1建物1車位0","五層","十四層","住宅大樓(11層含以上有電梯)","住家用","鋼骨鋼筋混凝土造",951129,62.19,2,1,1,"有","有",14000000,225117,"RPVPMLSLPHMFFCA09CA"
"中山區","臺北市中山區松江路271~300號","商",1060602,"土地2建物1車位0","十層，陽台，電梯樓梯間","十一層","住宅大樓(11層含以上有電梯)","住家用","鋼筋混凝土造",590131,157.3,3,2,2,"有","有",13000000,82645,"RPXQMLMJQHMFFCA68CA"
"南港區","臺北市南港區研究院路二段12巷57弄1~30號","住",1060615,"土地1建物1車位0","一層","五層","公寓(5樓含以下無電梯)","住商用","鋼筋混凝土造",740802,94.86,3,2,2,"有","無",8700000,91714,"RPROMLQKQHMFFDA48CA"
"松山區","臺北市松山區民生東路五段69巷21弄1~30號","住",1060624,"土地1建物1車位0","二層","七層","華廈(10層含以下有電梯)","住家用","鋼筋混凝土造",680719,116.8,3,2,2,"有","有",25550000,218750,"RPWNMLKKQHMFFDA28CA"
"信義區","臺北市信義區忠孝東路五段71巷12弄1~30號","住",1060712,"土地1建物1車位0","六層","七層","套房(1房1廳1衛)","住家用","鋼筋混凝土造",980810,34.06,1,1,1,"有","有",10250000,300940,"RPQNMLSJQHMFFDA38CA"
"信義區","臺北市信義區忠孝東路五段236巷10弄1~30號","住",1060429,"土地1建物1車位0","一層，平台","四層","公寓(5樓含以下無電梯)","住家用","鋼筋混凝土造",NA,102.03,3,2,1,"有","無",36000000,352837,"RPXOMLLMPHMFFDA68CA"
"信義區","臺北市信義區忠孝東路五段703巷1弄31~60號","住",1060607,"土地1建物1車位0","一層，平台","四層","公寓(5樓含以下無電梯)","住家用","鋼筋混凝土造",660121,94.08,1,1,1,"有","無",24750000,263074,"RPPPMLLMPHMFFDA97CA"
"信義區","臺北市信義區基隆路二段31~60號","商",1060525,"土地1建物1車位0","九層","十二層","住宅大樓(11層含以上有電梯)","住家用","鋼筋混凝土造",690522,88.1,2,2,1,"有","有",14850000,168558,"RPWQMLSLPHMFFDA76CA"
"松山區","臺北市松山區南京東路五段59巷28弄31~60號","住",1060613,"土地2建物1車位0","二層","三層","公寓(5樓含以下無電梯)",NA,"加強磚造",NA,70.4,2,1,1,"有","無",13000000,184659,"RPQOMLLJQHMFFDA87DA"
"南港區","臺北市南港區興華路61~90號","商",1060601,"土地1建物1車位0","四層","十四層","住宅大樓(11層含以上有電梯)","住家用","鋼骨鋼筋混凝土造",950111,141.44,4,2,2,"有","有",28500000,201499,"RPSOMLSLPHMFFDA88DA"
"中山區","臺北市中山區八德路二段61~90號","住",1060625,"土地1建物1車位0","四層","十一層","套房(1房1廳1衛)","商業用","鋼筋混凝土造",950323,33.1,1,1,1,"有","有",9380000,283384,"RPOPMLOJQHMFFCA97DA"
"中山區","臺北市中山區松江路38巷1~30號","商",1060531,"土地1建物1車位0","全","三層","透天厝","住家用","加強磚造",NA,228.87,4,2,3,"有","無",40000000,174772,"RPUPMLRJQHMFFCA88DA"
"大安區","臺北市大安區光復南路180巷31~60號","住",1060710,"土地1建物1車位0","三層，陽台","六層","華廈(10層含以下有電梯)","住家用","鋼筋混凝土造",NA,123.1,2,2,2,"有","有",33000000,268075,"RPSNMLNJQHMFFFA28CA"
"大安區","臺北市大安區羅斯福路二段31~60號","商",1060717,"土地4建物1車位0","五層","十二層","辦公商業大樓","商業用","鋼筋混凝土造",700803,136.46,3,2,2,"有","有",36330000,266232,"RPPNMLQJQHMFFFA28CA"
"文山區","臺北市文山區木新路241~270號","住",1060718,"土地5建物1車位0","四層","五層","公寓(5樓含以下無電梯)","住家用","鋼筋混凝土造",NA,96.99,3,2,1,"有","無",10100000,104134,"RPRNMLPLQHMFFAA18DA"
"中正區","臺北市中正區南昌路二段211~240號","商",1060712,"土地2建物1車位0","五層","十二層","辦公商業大樓","商業用","鋼筋混凝土造",880524,33.75,3,1,1,"有","有",8400000,248889,"RPUOMLLJQHMFFAA97DA"
"中正區","臺北市中正區師大路181~210號","住",1060625,"土地2建物1車位0","十一層","十二層","住宅大樓(11層含以上有電梯)","住家用","鋼筋混凝土造",701218,167.46,4,2,2,"有","有",30000000,179147,"RPVOMLLJQHMFFAA08DA"
"中正區","臺北市中正區仁愛路一段1~30號","住",1060717,"土地2建物1車位0","六層","十二層","住宅大樓(11層含以上有電梯)","住家用","鋼筋混凝土造",NA,97.95,3,2,2,"有","有",26300000,268504,"RPQQMLOJQHMFFBA18DA"
"士林區","臺北市士林區葫蘆街7巷1~30號","住",1060703,"土地3建物1車位0","一層","四層","公寓(5樓含以下無電梯)","住家用","鋼筋混凝土造",601220,73.37,0,0,0,"無","無",7280000,99223,"RPOPMLLMPHMFFEA97CA"
"北投區","臺北市北投區裕民六路90巷1弄1~30號","住",1060426,"土地1建物2車位0","全","二層","透天厝","住家用","加強磚造",580903,115.62,4,2,2,"有","無",60000000,518941,"RPQPMLLMPHMFFEA18CA"
"北投區","臺北市北投區承德路七段91~120號","住",1060712,"土地1建物1車位0","五層，電梯樓梯間","十二層","套房(1房1廳1衛)","住家用","鋼筋混凝土造",850919,38.06,0,0,0,"無","有",6880000,180767,"RPTPMLLMPHMFFEA48CA"
"士林區","臺北市士林區天母北路28巷31~60號","住",1060724,"土地1建物1車位0","七層","九層","套房(1房1廳1衛)","住家用","鋼筋混凝土造",970130,41.32,1,1,1,"有","有",10000000,242014,"RPOOMLSLQHMFFEA58CA"
"大同區","臺北市大同區迪化街二段61~90號","住",1060629,"土地5建物1車位0","七層","七層","華廈(10層含以下有電梯)","住家用","鋼筋混凝土造",800125,80.35,2,2,1,"有","有",11500000,143124,"RPRNMLPJQHMFFBA08DA"
"文山區","臺北市文山區忠順街一段26巷1弄1~30號","住",1060602,"土地1建物1車位0","二層，陽台","四層","公寓(5樓含以下無電梯)",NA,"鋼筋混凝土造",NA,84.57,3,2,1,"有","無",11000000,130070,"RPQOMLKMQHMFFAA77DA"
"萬華區","臺北市萬華區環河南路一段1~30號","商",1060710,"土地1建物1車位0","十一層","十二層","套房(1房1廳1衛)","住家用","鋼筋混凝土造",720624,40.27,1,1,1,"有","有",3000000,74497,"RPTNMLLJQHMFFBA87DA"
"大安區","臺北市大安區忠孝東路四段301~330號","商",1060524,"土地1建物1車位0","四層","十二層","住宅大樓(11層含以上有電梯)","住家用","鋼筋混凝土造",NA,82,2,1,2,"有","有",27500000,335366,"RPSOMLPLQHMFFFA78CA"
"大安區","臺北市大安區仁愛路三段20巷1~30號","住",1060630,"土地1建物1車位0","四層","四層","公寓(5樓含以下無電梯)","住家用","加強磚造",NA,128.95,3,2,2,"有","無",29200000,226444,"RPXNMLLJQHMFFFA58CA"
"大安區","臺北市大安區敦化南路一段232巷1~30號","住",1060608,"土地1建物2車位0","地下層","十四層","店面(店鋪)","商業用","鋼筋混凝土造",NA,265,0,2,1,"有","有",142000000,535869,"RPOOMLLJQHMFFFA77CA"
"大安區","臺北市大安區忠孝東路四段61~90號","商",1060624,"土地1建物1車位0","九層","十二層","套房(1房1廳1衛)","住家用","鋼筋混凝土造",NA,33.15,1,1,1,"有","有",10580000,319155,"RPRNMLPJQHMFFFA48DA"
"大安區","臺北市大安區復興南路二段151~180號","商",1060702,"土地7建物1車位0","五層","十二層","住宅大樓(11層含以上有電梯)","住家用","鋼筋混凝土造",NA,79.94,2,2,2,"有","有",18500000,231424,"RPUQMLLMPHMFFFA88DA"
"北投區","臺北市北投區行義路170巷1~30號","住",1060711,"土地1建物1車位0","四層","五層","公寓(5樓含以下無電梯)","住家用","鋼筋混凝土造",731227,104.85,3,2,2,"有","無",9500000,90606,"RPVOMLRJQHMFFEA09DA"
"中山區","臺北市中山區民生東路二段91~120號","商",1060713,"土地1建物1車位0","五層","七層","華廈(10層含以下有電梯)","住家用","鋼筋混凝土造",651206,36.59,3,1,1,"有","有",8000000,218639,"RPVNMLMJQHMFFCA28DA"
"松山區","臺北市松山區敦化南路一段100巷7弄1~30號","住",1060603,"土地1建物1車位0","一層","七層","華廈(10層含以下有電梯)","住家用","鋼筋混凝土造",691020,79.93,3,4,3,"有","無",27680000,346303,"RPWPMLSJQHMFFDA66DA"
"松山區","臺北市松山區復興北路481~510號","住",1060704,"土地1建物1車位0","四層","十一層","套房(1房1廳1衛)","住家用","鋼筋混凝土造",960216,41.72,1,1,1,"有","有",8600000,206136,"RPRPMLSJQHMFFDA78DA"
"松山區","臺北市松山區寶清街89巷1~30號","住",1060619,"土地1建物1車位0","四層，陽台","四層","公寓(5樓含以下無電梯)","住家用","鋼筋混凝土造",610501,85.7,2,2,1,"有","無",12500000,145858,"RPTNMLLJQHMFFDA97CA"
"松山區","臺北市松山區敦化南路一段80巷31~60號","住",1060519,"土地2建物2車位0","四層，陽台","四層","公寓(5樓含以下無電梯)","住家用","鋼筋混凝土造",NA,272.32,6,4,4,"有","無",23000000,84459,"RPSOMLMJQHMFFDA08CA"
"信義區","臺北市信義區福德街51巷1~30號","住",1060718,"土地1建物1車位0","四層，陽台","四層","公寓(5樓含以下無電梯)","住家用","鋼筋混凝土造",NA,69.61,3,1,1,"有","無",10800000,155150,"RPTOMLMJQHMFFDA18CA"
"松山區","臺北市松山區南京東路五段123巷8弄1~30號","住",1060704,"土地1建物1車位0","三層","四層","公寓(5樓含以下無電梯)","住家用","加強磚造",570828,137.01,3,2,2,"有","無",24000000,175170,"RPWOMLMJQHMFFDA48CA"
"中山區","臺北市中山區八德路二段151~180號","商",1060522,"土地1建物1車位0","全","二層","透天厝",NA,"加強磚造",NA,57.51,0,0,2,"有","無",14000000,243436,"RPPOMLMJQHMFFCA67CA"
"中山區","臺北市中山區新生北路二段91~120號","商",1060713,"土地1建物1車位0","四層","十四層","套房(1房1廳1衛)","商業用","鋼筋混凝土造",680119,27.54,1,1,1,"有","有",3600000,130719,"RPPQMLLJQHMFFCA77CA"
"內湖區","臺北市內湖區安泰街53巷1~30號","住",1060717,"土地2建物1車位0","二層","五層","公寓(5樓含以下無電梯)","住家用","鋼筋混凝土造",730613,93.64,3,2,2,"有","無",8500000,90773,"RPRRMLLJQHMFFCA08CA"
"中山區","臺北市中山區農安街1~30號","商",1060706,"土地1建物1車位0","五層","十二層","住宅大樓(11層含以上有電梯)","商業用","鋼筋混凝土造",730323,65.61,3,2,2,"有","有",3900000,59442,"RPQPMLNJQHMFFCA97CA"
"中山區","臺北市中山區建國北路二段258巷1~30號","住",1060711,"土地1建物1車位0","四層","六層","華廈(10層含以下有電梯)","住家用","鋼筋混凝土造",730925,142.04,4,2,2,"有","無",21000000,147846,"RPXPMLLMPHMFFCA68CA"
"內湖區","臺北市內湖區內湖路二段263巷1~30號","住",1060627,"土地1建物1車位0","四層","四層","公寓(5樓含以下無電梯)","住家用","鋼筋混凝土造",NA,90.68,7,2,4,"有","無",11000000,121306,"RPPQMLLMPHMFFCA97CA"
"內湖區","臺北市內湖區成功路三段121~150號","商",1060706,"土地1建物1車位0","二層","五層","公寓(5樓含以下無電梯)","住家用","鋼筋混凝土造",760609,115.03,3,2,2,"有","有",19500000,169521,"RPPNMLLJQHMFFCA47CA"
"中山區","臺北市中山區林森北路85巷61~90號","商",1060704,"土地1建物1車位0","六層","七層","套房(1房1廳1衛)","住家用","鋼筋混凝土造",960718,31.1,1,1,1,"有","有",6880000,221222,"RPVNMLKKQHMFFCA08CA"
"中山區","臺北市中山區雙城街3巷1~30號","商",1060704,"土地1建物12車位0","地下一層","十五層","辦公商業大樓","商業用","鋼筋混凝土造",841201,514.2,0,0,0,"無","有",27000000,52509,"RPXPMLTJQHMFFCA66CA"
"大同區","臺北市大同區酒泉街61~90號","住",1060630,"土地1建物1車位0","六層","七層","華廈(10層含以下有電梯)","住家用","鋼筋混凝土造",710511,127.14,3,1,2,"有","無",15500000,121913,"RPWNMLTLQHMFFBA09CA"
"中正區","臺北市中正區忠孝東路一段121~150號","商",1060720,"土地1建物2車位0","六層","十一層","辦公商業大樓","住家用","鋼筋混凝土造",630916,408.04,0,0,2,"無","有",79500000,194834,"RPPOMLLMPHMFFBA67CA"
"萬華區","臺北市萬華區萬大路493巷31~60號","住",1060707,"土地2建物1車位0","五層","五層","公寓(5樓含以下無電梯)","住家用","鋼筋混凝土造",750909,112.87,4,3,3,"有","無",5900000,52273,"RPUOMLLMPHMFFBA18CA"
"大同區","臺北市大同區民族西路271~300號","住",1060711,"土地1建物1車位0","全","一層","透天厝","住家用","磚造",NA,36.38,1,0,0,"有","無",13790000,379054,"RPPNMLPJQHMFFBA77CA"
"大同區","臺北市大同區寧夏路151~180號","商",1060628,"土地2建物1車位0","六層","十四層","住宅大樓(11層含以上有電梯)","住家用","鋼筋混凝土造",1001207,76.26,1,1,1,"有","有",13650000,178993,"RPPNMLQJQHMFFBA87CA"
"萬華區","臺北市萬華區青年路68巷1~30號","住",1060715,"土地2建物1車位0","四層","五層","公寓(5樓含以下無電梯)","住家用","鋼筋混凝土造",640403,31.18,2,1,1,"有","無",4700000,150738,"RPRPMLRJQHMFFBA38CA"
"萬華區","臺北市萬華區西寧南路31~60號","商",1060721,"土地1建物1車位0","三層","十層","其他","商業用","預力混凝土造",671215,9.8,0,0,0,"無","有",650000,66327,"RPPNMLSJQHMFFBA08CA"
"大同區","臺北市大同區民權西路133巷1~30號","住",1060607,"土地1建物1車位0","全","二層","透天厝",NA,"加強磚造",NA,121.48,3,2,3,"有","無",37000000,304577,"RPVNMLOJQHMFFBA28CA"
"中正區","臺北市中正區仁愛路二段38巷7弄1~30號","住",1060701,"土地5建物1車位0","五層","六層","華廈(10層含以下有電梯)","住家用","鋼筋混凝土造",820914,40.69,1,0,1,"有","無",10500000,258049,"RPXOMLOJQHMFFBA58CA"
"萬華區","臺北市萬華區青年路30巷1~30號","住",1060626,"土地1建物1車位0","九層","十二層","住宅大樓(11層含以上有電梯)","住家用","鋼筋混凝土造",760316,110.82,3,2,2,"有","有",16550000,149341,"RPROMLLJQHMFFBA67CA"
"文山區","臺北市文山區景福街241~270號","住",1060621,"土地2建物1車位0","一層","六層","店面(店鋪)","住家用","鋼筋混凝土造",600114,187.32,0,1,1,"有","有",53500000,285608,"RPUPMLLJQHMFFAA97CA"
"文山區","臺北市文山區育英街31巷38弄1~30號","住",1060716,"土地1建物1車位0","四層，陽台","四層","公寓(5樓含以下無電梯)","住家用","鋼筋混凝土造",610418,80.62,3,2,1,"有","無",12200000,151327,"RPQNMLMJQHMFFAA47CA"
"內湖區","臺北市內湖區東湖路1~30號","商",1060720,"土地1建物1車位0","四層","七層","華廈(10層含以下有電梯)","商業用","鋼筋混凝土造",751128,128.1,3,2,2,"有","無",17300000,135051,"RPVPMLLJQHMFFCA28CA"
"中山區","臺北市中山區中山北路二段59巷31~60號","商",1060702,"土地1建物1車位0","十六層","十六層","套房(1房1廳1衛)","住家用","鋼筋混凝土造",880928,44.85,1,1,1,"有","有",9700000,216276,"RPSRMLMJQHMFFCA28CA"
"中山區","臺北市中山區民生東路二段91~120號","商",1060719,"土地1建物1車位0","三層","七層","華廈(10層含以下有電梯)","住家用","鋼筋混凝土造",651206,73.18,2,1,1,"有","有",11000000,150314,"RPTQMLLJQHMFFCA18CA"
"內湖區","臺北市內湖區康寧路一段156巷32弄1~30號","住",1060625,"土地1建物1車位0","三層","四層","公寓(5樓含以下無電梯)","住家用","鋼筋混凝土造",NA,66.45,2,2,1,"有","無",9360000,140858,"RPVQMLLJQHMFFCA38CA"
"內湖區","臺北市內湖區康寧路三段265巷31~60號","住",1060207,"土地1建物1車位0","四層","五層","公寓(5樓含以下無電梯)","住家用","鋼筋混凝土造",750401,91.45,3,2,1,"有","無",11000000,120284,"RPXQMLLJQHMFFCA58CA"
"信義區","臺北市信義區莊敬路391巷2弄1~30號","住",1060717,"土地1建物1車位0","五層","七層","華廈(10層含以下有電梯)","住家用","鋼筋混凝土造",730306,102.44,3,2,2,"有","無",22500000,219641,"RPTOMLTLQHMFFDA09CA"
"信義區","臺北市信義區永吉路180巷48弄1~30號","住",1060610,"土地1建物1車位0","全","三層","透天厝","住家用","加強磚造",500401,79.89,3,2,1,"有","無",10000000,125172,"RPVNMLRKQHMFFDA88CA"
"松山區","臺北市松山區八德路三段106巷1~30號","住",1060520,"土地1建物1車位0","四層","四層","公寓(5樓含以下無電梯)","住家用","鋼筋混凝土造",NA,88.94,4,2,1,"有","無",16000000,179897,"RPVNMLQKQHMFFDA78CA"
"松山區","臺北市松山區南京東路五段211~240號","其他",1060704,"土地1建物1車位0","十六層","十六層","住宅大樓(11層含以上有電梯)","住家用","鋼筋混凝土造",711110,88.07,3,2,2,"有","無",17500000,198706,"RPUNMLNLQHMFFDA48CA"
"松山區","臺北市松山區延壽街331~360號","住",1060713,"土地1建物1車位0","九層","十一層","住宅大樓(11層含以上有電梯)","住家用","鋼筋混凝土造",980320,26.44,4,2,2,"有","有",4080000,154312,"RPROMLNJQHMFFDA08CA"
"松山區","臺北市松山區長安東路二段211~240號","商",1060621,"土地3建物1車位0","十層","十五層","住宅大樓(11層含以上有電梯)","住家用","鋼筋混凝土造",NA,90.56,3,2,2,"有","有",16800000,185512,"RPUOMLMJQHMFFDA28CA"
"松山區","臺北市松山區民生東路五段69巷4弄1~30號","住",1060718,"土地1建物1車位0","一層","四層","公寓(5樓含以下無電梯)","住家用","鋼筋混凝土造",560614,159.98,3,2,3,"有","無",54000000,337542,"RPSNMLMJQHMFFDA97CA"
"中山區","臺北市中山區長安東路二段151~180號","商",1060602,"土地1建物1車位0","九層","十四層","住宅大樓(11層含以上有電梯)","住家用","見其他登記事項",1050411,83.54,0,0,0,"無","有",27000000,323198,"RPROMLNLQHMFFCA18CA"
"松山區","臺北市松山區健康路20巷1~30號","住",1060708,"土地1建物1車位0","四層","七層","華廈(10層含以下有電梯)","住家用","鋼筋混凝土造",740620,116.29,3,2,2,"有","有",25150000,216270,"RPSOMLTJQHMFFDA88DA"
"中山區","臺北市中山區中山北路二段59巷1~30號","商",1060629,"土地1建物1車位0","一層","十四層","店面(店鋪)","商業用","鋼筋混凝土造",880427,52.23,0,1,1,"有","有",9800000,187632,"RPRQMLRJQHMFFCA68DA"
"大安區","臺北市大安區安和路二段151~180號","住",1060501,"土地1建物1車位0","五層","十七層","住宅大樓(11層含以上有電梯)","住家用","鋼筋混凝土造",750131,193.15,4,2,2,"有","有",53780000,278436,"RPOPMLSJQHMFFFA68DA"
"大安區","臺北市大安區安和路二段20巷1~30號","住",1060616,"土地1建物1車位0","四層","五層","華廈(10層含以下有電梯)","住家用","鋼筋混凝土造",760617,143.7,3,2,2,"有","無",22000000,153097,"RPUNMLOJQHMFFFA58CA"
"大安區","臺北市大安區光復南路661~690號","商",1060504,"土地2建物1車位0","六層","十二層","住宅大樓(11層含以上有電梯)","商業用","鋼筋混凝土造",730626,26.06,2,1,1,"有","有",3800000,145817,"RPWNMLQKQHMFFFA09CA"
"大安區","臺北市大安區信義路四段265巷31弄1~30號","住",1060711,"土地1建物1車位0","六層","七層","華廈(10層含以下有電梯)","住家用","鋼筋混凝土造",NA,141.87,3,2,2,"有","有",29500000,207937,"RPPRMLOLQHMFFFA68CA"
"大安區","臺北市大安區臥龍街131巷1~30號","住",1060712,"土地2建物2車位0","一層，二層","五層","公寓(5樓含以下無電梯)","住商用","鋼筋混凝土造",750117,58.66,2,1,1,"有","無",10000000,170474,"RPRNMLNLQHMFFFA38CA"
"大安區","臺北市大安區樂業街169巷1~30號","住",1050911,"土地1建物1車位0","一層","五層","公寓(5樓含以下無電梯)","住家用","鋼筋混凝土造",671125,94.88,3,2,2,"有","無",20700000,218170,"RPUNMLNLQHMFFFA68CA"
"大安區","臺北市大安區信義路四段378巷1~30號","商",1060630,"土地1建物1車位0","三層，陽台","四層","公寓(5樓含以下無電梯)","住家用","鋼筋混凝土造",NA,55.76,3,2,1,"有","無",9157712,164234,"RPROMLSJQHMFFFA78CA"
"大安區","臺北市大安區臥龍街195巷1~30號","住",1060703,"土地1建物1車位0","一層，停車場","五層","公寓(5樓含以下無電梯)","住商用","鋼筋混凝土造",710702,96.34,3,2,2,"有","無",15700000,162965,"RPRNMLOKQHMFFFA38CA"
"萬華區","臺北市萬華區雙園街1~30號","商",1060619,"土地1建物1車位0","二層","二層","公寓(5樓含以下無電梯)",NA,"加強磚造",NA,54.45,0,0,0,"無","無",7288800,133862,"RPRNMLNJQHMFFBA87DA"
"萬華區","臺北市萬華區康定路211~240號","商",1060609,"土地1建物1車位0","一層，騎樓","十層","店面(店鋪)","商業用","鋼筋混凝土造",740608,109.04,1,1,1,"有","無",22000000,201761,"RPRQMLOJQHMFFBA28DA"
"萬華區","臺北市萬華區和平西路三段382巷2弄1~30號","住",1060702,"土地1建物1車位0","三層","四層","公寓(5樓含以下無電梯)","住家用","鋼筋混凝土造",650316,92.11,3,2,1,"有","無",12570000,136467,"RPTNMLOJQHMFFBA18DA"
"中正區","臺北市中正區忠孝東路二段121~150號","商",1060701,"土地3建物3車位0","六層","十二層","住宅大樓(11層含以上有電梯)","商業用","鋼筋混凝土造",710408,172.23,0,0,0,"無","無",14500000,84190,"RPVOMLQKQHMFFBA78DA"
"北投區","臺北市北投區公館路271~300號","住",1060512,"土地1建物1車位0","一層","六層","店面(店鋪)","商業用","鋼筋混凝土造",820804,135.84,0,0,0,"無","無",19000000,139870,"RPTNMLKKQHMFFEA08CA"
"士林區","臺北市士林區通河東街一段124巷1~30號","住",1060601,"土地1建物1車位0","五層","五層","公寓(5樓含以下無電梯)","住家用","鋼筋混凝土造",700117,97.12,3,1,2,"有","無",6600000,67957,"RPUPMLRKQHMFFEA09CA"
"北投區","臺北市北投區大同街121~150號","商",1060721,"土地3建物1車位0","二層","四層","公寓(5樓含以下無電梯)","住家用","鋼筋混凝土造",660326,83.27,2,1,1,"有","無",10200000,122493,"RPRPMLQKQHMFFEA68CA"
"士林區","臺北市士林區延平北路五段136巷19弄1~30號","住",1060712,"土地1建物1車位0","一層","四層","公寓(5樓含以下無電梯)","住家用","加強磚造",580420,60,2,1,1,"有","無",4500000,75000,"RPWNMLOKQHMFFEA78CA"
"士林區","臺北市士林區通河東街一段121~150號","住",1060411,"土地1建物1車位0","三層","五層","公寓(5樓含以下無電梯)","住家用","鋼筋混凝土造",681128,111.42,3,2,2,"有","無",12000000,107701,"RPSPMLLJQHMFFEA18CA"
"北投區","臺北市北投區泉源路31~60號","住",1060624,"土地2建物1車位0","四層","四層","公寓(5樓含以下無電梯)","住家用","鋼筋混凝土造",630731,83.58,1,2,2,"有","無",8000000,95717,"RPQOMLMJQHMFFEA97CA"
"士林區","臺北市士林區永平街46巷1弄1~30號","住",1060624,"土地1建物1車位0","二層","四層","公寓(5樓含以下無電梯)","住家用","鋼筋混凝土造",660203,94.67,4,1,1,"有","無",10000000,105630,"RPRNMLRJQHMFFEA48CA"
